Ticker,Update_Date,AI_industry_logic,AI_news_cn,AI_premarket_conclusion,AI_catalysts,AI_risks,AI_invalidation
CF,2026-09-28,氮肥价格持续上行 → CF作为氮肥生产商的产品价格和盈利弹性可能改善 → 公司收入增长17.6%、盈利增长99.6%，前瞻市盈率约10.87倍 → 当前股价低于20日和50日均线，交易含义偏向低估值反弹观察而非追涨。,1. 今日新闻提到氮肥价格继续上涨，CF仍以折价交易。2. Rothschild Redburn上调CF评级，理由与氮肥市场展望有关。3. 已提供新闻中未见直接针对CF经营或财务的负面事件；有负面：当前宏观鹰派重定价提升利率压力。,本次为盘中补发，盘前已结束且没有有效盘前价格，不能判断盘前涨跌。昨收116.31美元；RSI为36.8、偏离度为-10.22%，MACD走强、KDJ回升并有量能确认，但股价仍低于MA20的129.54美元和MA50的125.24美元，属于超跌修复观察。,氮肥价格上行；Rothschild Redburn上调评级及氮肥市场展望；公司收入增长17.6%、盈利增长99.6%。,估值方面前瞻市盈率约10.87倍并不高，但技术趋势仍弱；股价低于MA20和MA50且MA20五日斜率为负；宏观10年期美债收益率升至5.219%，可能压制风险偏好。,若股价重新跌破昨收116.31美元并且MACD、KDJ回升结构同时转弱，或继续无法收复MA20的129.54美元，则本轮超跌修复逻辑失效。
CHTR,2026-09-28,宽带和通信业务收入依赖用户规模、ARPU及网络服务 → 并购整合若改善规模和成本效率，可能支持盈利修复 → CHTR前瞻市盈率约2.70倍、PB低于1倍，但收入下降1.7% → 当前低估值伴随明显技术破位，交易含义偏向事件和超跌观察。,1. 新闻显示CHTR被列入标普500近期下跌股票。2. 市场讨论其与Cox的345亿美元合并能否在财报前帮助公司恢复。3. 有负面：股价表现偏弱、收入下降，且合并能否改善经营仍未验证。,本次为盘中补发，盘前已结束且没有有效盘前价格，不能判断盘前涨跌。昨收113.36美元；RSI为30.4、偏离度为-16.31%，KDJ为5.84、MACD走强并有量能确认，但股价远低于MA20的135.45美元和MA50的141.71美元，MA20五日斜率为负，属于高波动超跌反弹观察。,市场讨论345亿美元Cox合并及其潜在整合价值；前瞻市盈率约2.70倍、PB约0.80倍；MACD和KDJ出现短线修复信号。,收入下降1.7%；合并能否改善经营尚未验证，存在交易执行和整合风险；股价低于MA20和MA50，偏离度为-16.31%、ATR为5.78%，技术和波动风险均高；当前宏观风险偏好偏弱。,若股价跌破昨收113.36美元且MACD、KDJ修复结构转弱，则超跌反弹逻辑失效；若Cox合并出现不利进展或无法改善经营预期，也应否定事件催化。
CMG,2026-09-28,餐饮客流、客单价和促销活动 → 新产品及营销活动可能带动门店客流和销售 → CMG收入增长9.3%，但盈利增长为-1.3%、前瞻市盈率约23.12倍 → 当前股价大幅低于均线，交易含义偏向营销事件驱动的超跌反弹观察。,1. Chipotle宣布在部分城市于10月恢复玛格丽塔饮品，并推出6美元促销。2. 新闻提到公司近期股价下跌2.14%。3. 有负面：盈利增长为负，且股价近期走弱；促销活动的经营效果尚未得到数据验证。,本次为盘中补发，盘前已结束且没有有效盘前价格，不能判断盘前涨跌。昨收31.68美元；RSI为33.1、偏离度为-9.46%，KDJ为7.57、MACD走强并有量能确认，但股价低于MA20的34.99美元和MA50的34.72美元，属于超跌修复而非趋势反转确认。,恢复玛格丽塔及6美元促销活动可能改善短期客流；MACD、KDJ和量能出现修复信号。,盈利增长为-1.3%；前瞻市盈率约23.12倍、PB约18.27倍，估值仍不低；股价低于MA20和MA50，且偏离度为-9.46%；促销可能带来利润率压力。,若股价跌破昨收31.68美元且MACD、KDJ回升结构转弱，则超跌反弹逻辑失效；若促销后仍无法收复MA20的34.99美元，趋势修复不能确认。
CSX,2026-09-28,铁路运输具备运价和网络规模属性 → 货运需求与定价能力改善可推动收入和利润增长 → CSX收入增长10.1%、盈利增长22.7%，但前瞻市盈率约20.68倍 → 当前股价低于均线，交易含义偏向防御性周期修复观察。,1. 新闻将CSX列为近期触及52周高点的铁路股之一。2. 另有报道讨论铁路股的定价能力和股息增长。3. 已提供新闻中未见CSX直接负面事件；暂无今日最新公司级催化。,本次为盘中补发，盘前已结束且没有有效盘前价格，不能判断盘前涨跌。昨收47.01美元；RSI为37.9、偏离度为-2.32%，MACD走强、KDJ回升，但股价低于MA20的48.13美元和MA50的49.75美元，且MA20五日斜率为负，仍处于弱势修复阶段。,铁路股定价能力和股息增长主题；此前触及52周高点的市场关注；公司盈利增长22.7%。,前瞻市盈率约20.68倍而收入增长10.1%，估值并不低；股价低于MA20和MA50，MA20斜率为负；铁路货运需求和周期环境存在不确定性。,若股价跌破昨收47.01美元且MACD、KDJ回升结构转弱，则修复逻辑失效；只有重新收复MA20的48.13美元并进一步突破MA50的49.75美元，技术结构才算改善。
GNRC,2026-09-28,备用发电设备需求与电力可靠性和家庭、商业用电投资相关 → 设备订单和渠道需求改善可提升收入及利润 → GNRC盈利增长92%、前瞻市盈率约16.58倍，但股价已高于MA20较多 → 当前交易含义偏向高位趋势观察，需防波动回撤。,1. 新闻提到市场关注GNRC，并讨论其与Amazon交易后的估值。2. 另有报道将GNRC列入美联储加息后市场关注股票。3. 已提供新闻中未见直接经营负面；但Amazon交易后的公平价值仍存在争议。,本次为盘中补发，盘前已结束且没有有效盘前价格，不能判断盘前涨跌。昨收206.46美元；RSI为55.8、偏离度为7.86%，股价高于MA20的191.41美元和MA50的201.01美元，MA20斜率为正，但MACD走弱且ATR为5.00%，显示高位波动风险。,Amazon交易及其对公司估值的讨论；公司盈利增长92%、前瞻市盈率约16.58倍；股价维持在MA20和MA50之上。,TTM市盈率约47.53倍，较前瞻估值存在较大差异；偏离度为7.86%、ATR为5.00%，短线回撤风险较高；Amazon交易后的公平价值存在争议；MACD走弱。,若股价跌破MA50的201.01美元并进一步失守MA20的191.41美元，且MACD继续走弱，则当前上行结构失效。
HUM,2026-09-28,医疗保险业务具有相对防御属性 → 在科技和成长估值受高利率压制时，资金可能转向防御板块 → HUM收入增长26.2%、盈利增长27.1%，但前瞻市盈率约24.40倍 → 当前股价站在均线之上，交易含义偏向防御型趋势观察。,1. 新闻显示Barclays升级背景仍是市场讨论焦点。2. Wall Street Zen将HUM评级下调至持有。3. 有负面：存在评级下调，且暂无今日最新的明确经营催化。,本次为盘中补发，盘前已结束且没有有效盘前价格，不能判断盘前涨跌。昨收404.85美元；RSI为59.4，股价高于MA20的393.42美元和MA50的386.83美元，MACD、周线和量能结构改善，但KDJ为81.52，短线偏高。,Barclays升级相关讨论；医疗保险防御属性；收入增长26.2%、盈利增长27.1%。,估值风险较明显，前瞻市盈率约24.40倍；KDJ为81.52，短线追高风险较高；Wall Street Zen下调至持有；高利率环境仍可能压制整体估值。,若股价跌破MA20的393.42美元并进一步失守MA50的386.83美元，且MACD转弱，则当前均线趋势结构失效。
STX,2026-09-28,存储需求和存储行业景气改善 → Seagate的硬盘及存储产品需求与盈利弹性可能提升 → 公司收入增长48.5%、盈利增长148.8%，前瞻市盈率约16.23倍 → 但股价已大幅运行至昨收898.68美元附近，当前更适合观察高位波动而非追涨。,1. 新闻称STX在大幅上涨后仍可能被低估。2. 另一则新闻显示MU、SNDK、STX、WDC隔夜跌势延续，市场讨论存储炒作降温。3. 有负面：存储板块出现下跌及情绪退潮迹象。,本次为盘中补发，盘前已结束且没有有效盘前价格，不能判断盘前涨跌。昨收898.68美元；RSI为55.5、偏离度为5.42%，股价高于MA20的852.46美元和MA50的851.97美元，但MACD走弱、KDJ为92.85，且ATR为5.32%，显示高位波动和回撤风险较大。,收入增长48.5%、盈利增长148.8%；新闻继续讨论其大涨后估值是否仍具吸引力。,TTM市盈率约64.48倍、PB约94.07倍，估值和预期风险高；KDJ为92.85且MACD走弱；存储板块已有隔夜下跌及炒作降温报道；当前鹰派利率环境对高估值科技相关标的构成压力。,若股价跌破MA20的852.46美元和MA50的851.97美元，并伴随MACD继续走弱，则高位趋势结构失效；若存储板块跌势扩大，也应否定反弹逻辑。
UDR,2026-09-28,住宅租赁业务收入与租金及入住需求相关 → 防御性租赁现金流可能在市场波动中提供支撑 → UDR收入基本没有增长、前瞻市盈率约60.32倍 → 当前股价低于均线且超卖，交易含义偏向技术性反弹观察，而非基本面驱动。,1. 历史新闻标题提到UDR存在上调指引的投资讨论。2. 其他新闻主要为股价和公司资料信息，未提供新的经营数据。3. 已提供新闻中未见直接负面公司事件；但缺少今日新催化。,本次为盘中补发，盘前已结束且没有有效盘前价格，不能判断盘前涨跌。昨收33.86美元；RSI为27.7，股价低于MA20的35.04美元和MA50的36.99美元，MA20五日斜率为负；MACD和周线改善，属于超卖反弹观察。,历史新闻标题提到上调指引；RSI进入超卖区域，MACD和周线结构改善。,前瞻市盈率约60.32倍而收入增长为-0.1%，估值与增长不匹配；股价低于MA20和MA50，MA20斜率为负；缺少最新明确经营催化。,若股价跌破昨收33.86美元且MACD、周线改善结构转弱，则超卖反弹逻辑失效；若不能收复MA20的35.04美元，趋势修复仍未确认。
VLO,2026-09-28,柴油期货上涨且存在限制柴油出口的政策讨论 → 成品油供应预期和炼化利润弹性可能改善 → VLO收入增长51.7%、盈利增长453.5%，前瞻市盈率约10.28倍 → 当前股价高于主要均线，交易含义偏强但需防政策预期反转。,1. 新闻称柴油期货上涨，VLO、MPC、PSX受到关注。2. 特朗普表示美国正非常认真考虑限制柴油出口。3. 有事件风险：柴油出口政策仍属于讨论或预期，未显示已经正式实施。,本次为盘中补发，盘前已结束且没有有效盘前价格，不能判断盘前涨跌。昨收391.60美元；RSI为60.2、偏离度为1.81%，股价高于MA20的384.65美元和MA50的348.21美元，MACD走强且有量能确认，但当前已接近偏强区间，不宜仅凭政策预期追涨。,柴油期货上涨；柴油出口限制预期可能改善炼化供需和利润弹性；公司收入增长51.7%、盈利增长453.5%；前瞻市盈率约10.28倍。,政策讨论可能未落地并快速反转；RSI为60.2，短线继续上行空间与回撤风险需平衡；炼化利润受成品油价格、原料成本和供需变化影响较大。,若柴油出口限制预期被否定或柴油期货转弱，同时股价跌破MA20的384.65美元，则当前政策驱动和短期上行结构失效。
