Ticker,Name,EntryDate,UnderlyingPrice,TechnicalClose,PremarketPrice,PremarketChangePct,PriceReference,PremarketAsOfET,Strategy,OptionType,Strike,LongStrike,ShortStrike,Expiry,DTE,LongPrice,ShortPrice,NetDebit,PremiumCollected,CashSecured,AssignmentPrice,EffectiveEntry,PremiumYieldPct,AnnualizedYieldPct,EntryPrice,MaxLoss,MaxProfit,BreakEven,RewardRisk,BreakevenPct,DebitPctOfSpot,Delta,PutDelta,IV,IV_Source,IV_Regime,CallWall,PutWall,CallWallOI,PutWallOI,CallWallVolume,PutWallVolume,CallWallSource,PutWallSource,EarningsDate,EarningsDays,Direction,StrategySide,AssignmentRisk,Status,Quantity,StopLoss,HoldPeriod,Reason,ScanScore,Reject_Reason
FTNT,Fortinet,2026-09-22,170.19,,,,,,CALL_DEBIT_SPREAD,CALL,175.0,175.0,185.0,2026-11-20,59,,,4.52,,,,,,,4.52,452.0,548.0,179.52,,,,0.559,,0.5768,,偏高（链内约P100）,,,,,,,LEGACY_INVALID_WALL,LEGACY_INVALID_WALL,2026-11-04,43,BULLISH,,,Active,1,权利金为最大亏损；若正股趋势破坏，Review重新评估,随股票趋势动态管理，期权到期日独立,【2026-09-22回填】来自当日Scan邮件的真实期权策略；原Scan生成后未被workflow持久化。,78.9,
ALL,Allstate,2026-09-29,224.88,224.88,,,REGULAR_CLOSE,,SHORT_PUT,PUT,210.0,,,2026-11-20,52,,3.7,,3.7,21000.0,210.0,206.3,1.762,12.37,3.7,20630.0,370.0,206.3,,-8.262184276058338,0.0,-0.234,-0.234,0.2932,Yahoo chain,中性（链内约P46）,260.0,240.0,333,441,10,1,openInterest,openInterest,2026-11-04,36,BULLISH_VALUE,SELL_TO_OPEN,潜在指派：美国股票期权可在到期前被提前指派；程序在深度价内/临近到期时提高风险提示。,Active,1,现金担保Put无固定技术止损；若长期基本面/接货逻辑失效，应重新评估并主动平仓,持有至回补/到期；若到期价内，可能按执行价获得100股/张,长期价值门槛通过：Quant/基本面达长期价值门槛；EPS为正；营收非负增长；盈利未出现显著恶化；现金流为正；Forward PE=8.1；卖出现金担保Put，收取权利金，若到期价内则按执行价接货，有效接货成本约206.30。 到期前约第36天有财报事件，需控制事件风险。 若到期价内可能被指派；持仓资金按执行价100股/张预留。,70.6,
PAYX,Paychex,2026-09-29,98.89,98.89,,,REGULAR_CLOSE,,CALL_DEBIT_SPREAD,CALL,100.0,100.0,105.0,2026-11-20,52,3.6,1.55,2.05,,,,,,,2.05,205.0,295.0,102.05,1.439,3.2,2.07,0.501,,0.2843,Yahoo chain,中性（链内约P25）,130.0,110.0,2509,2554,2,72,openInterest,openInterest,2026-12-18,80,BULLISH,BUY_TO_OPEN,,Active,1,权利金为最大亏损；若正股趋势破坏，Review重新评估,随股票趋势动态管理，期权到期日独立,核心精选偏多；优先使用Call Debit Spread限制最大亏损。 财报日期未可靠取得或不在本次到期窗内。,68.6,
APA,APA Corporation,2026-09-29,42.29,42.29,,,REGULAR_CLOSE,,CALL_DEBIT_SPREAD,CALL,42.5,42.5,45.0,2026-11-20,52,2.95,1.9,1.05,,,,,,,1.05,105.0,145.0,43.55,1.381,2.98,2.48,0.537,,0.4695,Yahoo chain,偏低（链内约P20）,50.0,40.0,261,285,44,21,openInterest,openInterest,2026-11-04,36,BULLISH,BUY_TO_OPEN,,Active,1,权利金为最大亏损；若正股趋势破坏，Review重新评估,随股票趋势动态管理，期权到期日独立,核心精选偏多；优先使用Call Debit Spread限制最大亏损。 到期前约第36天有财报事件，需控制事件风险。,67.6,
SCHW,Charles Schwab Corporation,2026-09-29,97.8,97.8,,,REGULAR_CLOSE,,CALL_DEBIT_SPREAD,CALL,97.5,97.5,105.0,2026-11-20,52,4.75,1.66,3.09,,,,,,,3.09,309.0,441.0,100.59,1.427,2.85,3.16,0.553,,0.3231,Yahoo chain,中性（链内约P31）,115.0,90.0,3823,1549,56,28,openInterest,openInterest,2026-10-15,16,BULLISH,BUY_TO_OPEN,,Active,1,权利金为最大亏损；若正股趋势破坏，Review重新评估,随股票趋势动态管理，期权到期日独立,核心精选偏多；优先使用Call Debit Spread限制最大亏损。 到期前约第16天有财报事件，需控制事件风险。,67.3,
MPC,Marathon Petroleum,2026-09-29,388.95,388.95,,,REGULAR_CLOSE,,CALL_DEBIT_SPREAD,CALL,390.0,390.0,410.0,2026-11-20,52,29.9,20.9,9.0,,,,,,,9.0,900.0,1100.0,399.0,1.222,2.58,2.31,0.544,,0.5048,Yahoo chain,偏低（链内约P19）,450.0,300.0,345,110,2,31,openInterest,openInterest,2026-11-03,35,BULLISH,BUY_TO_OPEN,,Active,1,权利金为最大亏损；若正股趋势破坏，Review重新评估,随股票趋势动态管理，期权到期日独立,核心精选偏多；优先使用Call Debit Spread限制最大亏损。 到期前约第35天有财报事件，需控制事件风险。,67.3,
CBOE,Cboe Global Markets,2026-09-29,263.3,263.3,,,REGULAR_CLOSE,,SHORT_PUT,PUT,240.0,,,2026-11-20,52,,5.7,,5.7,24000.0,240.0,234.3,2.375,16.67,5.7,23430.0,570.0,234.3,,-11.014052411697683,0.0,-0.248,-0.248,0.4359,Yahoo chain,中性（链内约P50）,300.0,250.0,82,182,18,125,openInterest,openInterest,2026-10-30,31,BULLISH_VALUE,SELL_TO_OPEN,潜在指派：美国股票期权可在到期前被提前指派；程序在深度价内/临近到期时提高风险提示。,Active,1,现金担保Put无固定技术止损；若长期基本面/接货逻辑失效，应重新评估并主动平仓,持有至回补/到期；若到期价内，可能按执行价获得100股/张,长期价值门槛通过：Quant/基本面达长期价值门槛；EPS为正；营收非负增长；盈利未出现显著恶化；现金流为正；Forward PE=17.4；卖出现金担保Put，收取权利金，若到期价内则按执行价接货，有效接货成本约234.30。 到期前约第31天有财报事件，需控制事件风险。 若到期价内可能被指派；持仓资金按执行价100股/张预留。,77.6,
NTAP,NetApp,2026-09-29,207.32,207.32,,,REGULAR_CLOSE,,SHORT_PUT,PUT,190.0,,,2026-11-20,52,,6.5,,6.5,19000.0,190.0,183.5,3.421,24.01,6.5,18350.0,650.0,183.5,,-11.489484854331467,0.0,-0.275,-0.275,0.4883,Yahoo chain,偏低（链内约P14）,220.0,185.0,774,407,3,19,openInterest,openInterest,2026-12-01,63,BULLISH_VALUE,SELL_TO_OPEN,潜在指派：美国股票期权可在到期前被提前指派；程序在深度价内/临近到期时提高风险提示。,Active,1,现金担保Put无固定技术止损；若长期基本面/接货逻辑失效，应重新评估并主动平仓,持有至回补/到期；若到期价内，可能按执行价获得100股/张,长期价值门槛通过：Quant/基本面达长期价值门槛；EPS为正；营收非负增长；盈利未出现显著恶化；现金流为正；Forward PE=18.6；卖出现金担保Put，收取权利金，若到期价内则按执行价接货，有效接货成本约183.50。 财报日期未可靠取得或不在本次到期窗内。 若到期价内可能被指派；持仓资金按执行价100股/张预留。,77.0,
TER,Teradyne,2026-09-29,404.32,404.32,,,REGULAR_CLOSE,,SHORT_PUT,PUT,360.0,,,2026-11-20,52,,21.7,,21.7,36000.0,360.0,338.3,6.028,42.31,21.7,33830.0,2170.0,338.3,,-16.32865057380293,0.0,-0.278,-0.278,0.7074,Yahoo chain,中性（链内约P26）,600.0,390.0,700,720,45,12,openInterest,openInterest,2026-10-21,22,BULLISH_VALUE,SELL_TO_OPEN,潜在指派：美国股票期权可在到期前被提前指派；程序在深度价内/临近到期时提高风险提示。,Active,1,现金担保Put无固定技术止损；若长期基本面/接货逻辑失效，应重新评估并主动平仓,持有至回补/到期；若到期价内，可能按执行价获得100股/张,长期价值门槛通过：Quant/基本面达长期价值门槛；EPS为正；营收非负增长；盈利未出现显著恶化；现金流为正；Forward PE=34.7；卖出现金担保Put，收取权利金，若到期价内则按执行价接货，有效接货成本约338.30。 到期前约第22天有财报事件，需控制事件风险。 若到期价内可能被指派；持仓资金按执行价100股/张预留。,76.6,
ALL,Allstate,2026-09-30,223.9,223.9,,,REGULAR_CLOSE,,SHORT_PUT,PUT,210.0,,,2026-11-20,51,,3.8,,3.8,21000.0,210.0,206.2,1.81,12.95,3.8,20620.0,380.0,206.2,,-7.9053148727110445,0.0,-0.251,-0.251,0.3039,Yahoo chain,中性（链内约P38）,260.0,240.0,334,442,31,2,openInterest,openInterest,2026-11-04,35,BULLISH_VALUE,SELL_TO_OPEN,潜在指派：美国股票期权可在到期前被提前指派；程序在深度价内/临近到期时提高风险提示。,Active,1,现金担保Put无固定技术止损；若长期基本面/接货逻辑失效，应重新评估并主动平仓,持有至回补/到期；若到期价内，可能按执行价获得100股/张,长期价值门槛通过：Quant/基本面达长期价值门槛；EPS为正；营收非负增长；盈利未出现显著恶化；现金流为正；Forward PE=8.1；卖出现金担保Put，收取权利金，若到期价内则按执行价接货，有效接货成本约206.20。 到期前约第35天有财报事件，需控制事件风险。 若到期价内可能被指派；持仓资金按执行价100股/张预留。,73.5,
SNPS,Synopsys,2026-10-02,489.41,489.41,,,REGULAR_CLOSE,,SHORT_PUT,PUT,450.0,,,2026-11-20,49,,14.2,,14.2,45000.0,450.0,435.8,3.156,23.51,14.2,43580.0,1420.0,435.8,0.032583754,-10.954005843771075,0.0,-0.271,-0.271,0.4646,Yahoo chain,偏低（链内约P6）,400.0,380.0,840,317,5,2,openInterest,openInterest,2026-08-26,-37,BULLISH_VALUE,SELL_TO_OPEN,潜在指派：美国股票期权可在到期前被提前指派；程序在深度价内/临近到期时提高风险提示。,Rejected,1,现金担保Put无固定技术止损；若长期基本面/接货逻辑失效，应重新评估并主动平仓,持有至回补/到期；若到期价内，可能按执行价获得100股/张,长期价值门槛通过：Quant/基本面达长期价值门槛；EPS为正；营收非负增长；盈利未出现显著恶化；现金流为正；Forward PE=26.3；卖出现金担保Put，收取权利金，若到期价内则按执行价接货，有效接货成本约435.80。 财报日期未可靠取得或不在本次到期窗内。 若到期价内可能被指派；持仓资金按执行价100股/张预留。,80.8,Reward/Risk below 2.0
GEV,GE Vernova,2026-10-02,990.38,990.38,,,REGULAR_CLOSE,,SHORT_PUT,PUT,900.0,,,2026-11-20,49,,30.7,,30.7,90000.0,900.0,869.3,3.411,25.41,30.7,86930.0,3070.0,869.3,0.0353157713,-12.225610371776497,0.0,-0.257,-0.257,0.4891,Yahoo chain,偏低（链内约P14）,1000.0,780.0,287,1771,21,14,openInterest,openInterest,2026-10-28,26,BULLISH_VALUE,SELL_TO_OPEN,潜在指派：美国股票期权可在到期前被提前指派；程序在深度价内/临近到期时提高风险提示。,Rejected,1,现金担保Put无固定技术止损；若长期基本面/接货逻辑失效，应重新评估并主动平仓,持有至回补/到期；若到期价内，可能按执行价获得100股/张,长期价值门槛通过：Quant/基本面达长期价值门槛；EPS为正；营收非负增长；盈利未出现显著恶化；现金流为正；Forward PE=39.4；卖出现金担保Put，收取权利金，若到期价内则按执行价接货，有效接货成本约869.30。 到期前约第26天有财报事件，需控制事件风险。 若到期价内可能被指派；持仓资金按执行价100股/张预留。,77.8,Reward/Risk below 2.0
FANG,Diamondback Energy,2026-10-07,186.64,184.98,186.64,0.9,PREMARKET,2026-10-07 08:53:00 ET,CALL_DEBIT_SPREAD,CALL,185.0,185.0,200.0,2026-12-18,72,11.33,6.28,5.05,,,,,,,5.05,505.0,995.0,190.05,1.9702970297,1.83,2.71,0.576,,0.2961,BS-derived from market mid/last,偏高（链内约P86）,220.0,155.0,1354,1047,50,1,openInterest,openInterest,2026-11-02,26,BULLISH,BUY_TO_OPEN,,Rejected,1,权利金为最大亏损；若正股趋势破坏，Review重新评估,随股票趋势动态管理，期权到期日独立,核心精选偏多；优先使用Call Debit Spread限制最大亏损。 到期前约第26天有财报事件，需控制事件风险。,73.6,Reward/Risk below 2.0
HWM,Howmet Aerospace,2026-10-07,230.18,231.6,230.18,-0.61,PREMARKET,2026-10-07 08:48:56 ET,CALL_DEBIT_SPREAD,CALL,230.0,230.0,250.0,2026-12-18,72,16.05,8.1,7.95,,,,,,,7.95,795.0,1205.0,237.95,1.5157232704,3.38,3.45,0.554,,0.3707,BS-derived from market mid/last,偏高（链内约P92）,300.0,280.0,552,1055,11,1,openInterest,openInterest,2026-10-29,22,BULLISH,BUY_TO_OPEN,,Rejected,1,权利金为最大亏损；若正股趋势破坏，Review重新评估,随股票趋势动态管理，期权到期日独立,核心精选偏多；优先使用Call Debit Spread限制最大亏损。 到期前约第22天有财报事件，需控制事件风险。,73.4,Reward/Risk below 2.0
