Date,Ticker,Close,schema_version
2026-09-27,AAPL,338.399994,phase2b.v1
2026-09-28,AAPL,329.399994,phase2b.v1
2026-09-29,AAPL,333.019989,phase2b.v1
2026-09-30,AAPL,330.320007,phase2b.v1
2026-10-01,AAPL,333.690002,phase2b.v1
2026-10-04,AAPL,332.890015,phase2b.v1
2026-10-05,AAPL,333.630005,phase2b.v1
2026-10-06,AAPL,336.190399,phase2b.v1
2026-09-27,ABBV,266.279999,phase2b.v1
2026-09-28,ABBV,263.290009,phase2b.v1
2026-09-29,ABBV,261.589996,phase2b.v1
2026-09-30,ABBV,259.929993,phase2b.v1
2026-10-01,ABBV,262.820007,phase2b.v1
2026-10-04,ABBV,265.76001,phase2b.v1
2026-10-05,ABBV,266.690002,phase2b.v1
2026-10-06,ABBV,268.785004,phase2b.v1
2026-09-27,ABNB,156.080002,phase2b.v1
2026-09-28,ABNB,156.960007,phase2b.v1
2026-09-29,ABNB,160.649994,phase2b.v1
2026-09-30,ABNB,160.470001,phase2b.v1
2026-10-01,ABNB,162.429993,phase2b.v1
2026-10-04,ABNB,164.070007,phase2b.v1
2026-10-05,ABNB,160.389999,phase2b.v1
2026-10-06,ABNB,160.065002,phase2b.v1
2026-09-27,ABT,100.980003,phase2b.v1
2026-09-28,ABT,100.949997,phase2b.v1
2026-09-29,ABT,98.830002,phase2b.v1
2026-09-30,ABT,96.690002,phase2b.v1
2026-10-01,ABT,97.5,phase2b.v1
2026-10-04,ABT,100.099998,phase2b.v1
2026-10-05,ABT,98.160004,phase2b.v1
2026-10-06,ABT,98.805,phase2b.v1
2026-09-27,ACGL,94.900002,phase2b.v1
2026-09-28,ACGL,95.120003,phase2b.v1
2026-09-29,ACGL,92.360001,phase2b.v1
2026-09-30,ACGL,94.260002,phase2b.v1
2026-10-01,ACGL,93.599998,phase2b.v1
2026-10-04,ACGL,94.360001,phase2b.v1
2026-10-05,ACGL,94.82,phase2b.v1
2026-10-06,ACGL,94.665001,phase2b.v1
2026-09-27,ACN,174.470001,phase2b.v1
2026-09-28,ACN,177.119995,phase2b.v1
2026-09-29,ACN,183.369995,phase2b.v1
2026-09-30,ACN,212.300003,phase2b.v1
2026-10-01,ACN,198.899994,phase2b.v1
2026-10-04,ACN,195.050003,phase2b.v1
2026-10-05,ACN,193.399994,phase2b.v1
2026-10-06,ACN,196.160004,phase2b.v1
2026-09-27,ADBE,231.009995,phase2b.v1
2026-09-28,ADBE,233.169998,phase2b.v1
2026-09-29,ADBE,239.940002,phase2b.v1
2026-09-30,ADBE,241.279999,phase2b.v1
2026-10-01,ADBE,237.690002,phase2b.v1
2026-10-04,ADBE,238.789993,phase2b.v1
2026-10-05,ADBE,238.119995,phase2b.v1
2026-10-06,ADBE,236.25,phase2b.v1
2026-09-27,ADM,80.379997,phase2b.v1
2026-09-28,ADM,79.400002,phase2b.v1
2026-09-29,ADM,79.379997,phase2b.v1
2026-09-30,ADM,79.519997,phase2b.v1
2026-10-01,ADM,80.449997,phase2b.v1
2026-10-04,ADM,82.470001,phase2b.v1
2026-10-05,ADM,82.209999,phase2b.v1
2026-10-06,ADM,82.625,phase2b.v1
2026-09-27,ADSK,207.190002,phase2b.v1
2026-09-28,ADSK,203.179993,phase2b.v1
2026-09-29,ADSK,209.0,phase2b.v1
2026-09-30,ADSK,211.309998,phase2b.v1
2026-10-01,ADSK,212.0,phase2b.v1
2026-10-04,ADSK,221.559998,phase2b.v1
2026-10-05,ADSK,231.279999,phase2b.v1
2026-10-06,ADSK,230.550003,phase2b.v1
2026-09-27,AEE,99.389999,phase2b.v1
2026-09-28,AEE,100.25,phase2b.v1
2026-09-29,AEE,99.379997,phase2b.v1
2026-09-30,AEE,99.639999,phase2b.v1
2026-10-01,AEE,99.940002,phase2b.v1
2026-10-04,AEE,99.699997,phase2b.v1
2026-10-05,AEE,101.68,phase2b.v1
2026-10-06,AEE,101.25,phase2b.v1
2026-09-27,AEP,118.199997,phase2b.v1
2026-09-28,AEP,119.300003,phase2b.v1
2026-09-29,AEP,118.639999,phase2b.v1
2026-09-30,AEP,119.75,phase2b.v1
2026-10-01,AEP,119.57,phase2b.v1
2026-10-04,AEP,119.730003,phase2b.v1
2026-10-05,AEP,121.669998,phase2b.v1
2026-10-06,AEP,121.730003,phase2b.v1
2026-09-27,AIG,72.779999,phase2b.v1
2026-09-28,AIG,75.269997,phase2b.v1
2026-09-29,AIG,74.419998,phase2b.v1
2026-09-30,AIG,75.43,phase2b.v1
2026-10-01,AIG,74.93,phase2b.v1
2026-10-04,AIG,75.120003,phase2b.v1
2026-10-05,AIG,75.110001,phase2b.v1
2026-10-06,AIG,74.964996,phase2b.v1
2026-09-27,AKAM,108.989998,phase2b.v1
2026-09-28,AKAM,108.449997,phase2b.v1
2026-09-29,AKAM,106.349998,phase2b.v1
2026-09-30,AKAM,106.93,phase2b.v1
2026-10-01,AKAM,108.919998,phase2b.v1
2026-10-04,AKAM,107.989998,phase2b.v1
2026-10-05,AKAM,108.620003,phase2b.v1
2026-10-06,AKAM,107.355003,phase2b.v1
2026-09-27,AMAT,486.76001,phase2b.v1
2026-09-28,AMAT,512.01001,phase2b.v1
2026-09-29,AMAT,511.380005,phase2b.v1
2026-09-30,AMAT,529.299988,phase2b.v1
2026-10-01,AMAT,540.039978,phase2b.v1
2026-10-04,AMAT,542.280029,phase2b.v1
2026-10-05,AMAT,530.27002,phase2b.v1
2026-10-06,AMAT,521.284973,phase2b.v1
2026-09-27,AMCR,42.790001,phase2b.v1
2026-09-28,AMCR,42.459999,phase2b.v1
2026-09-29,AMCR,41.860001,phase2b.v1
2026-09-30,AMCR,41.810001,phase2b.v1
2026-10-01,AMCR,41.860001,phase2b.v1
2026-10-04,AMCR,41.799999,phase2b.v1
2026-10-05,AMCR,41.77,phase2b.v1
2026-10-06,AMCR,41.650002,phase2b.v1
2026-09-27,AMGN,418.130005,phase2b.v1
2026-09-28,AMGN,423.640015,phase2b.v1
2026-09-29,AMGN,421.51001,phase2b.v1
2026-09-30,AMGN,407.269989,phase2b.v1
2026-10-01,AMGN,403.040009,phase2b.v1
2026-10-04,AMGN,402.980011,phase2b.v1
2026-10-05,AMGN,402.600006,phase2b.v1
2026-10-06,AMGN,403.809998,phase2b.v1
2026-09-27,AMT,168.0,phase2b.v1
2026-09-28,AMT,167.350006,phase2b.v1
2026-09-29,AMT,163.690002,phase2b.v1
2026-09-30,AMT,161.059998,phase2b.v1
2026-10-01,AMT,162.199997,phase2b.v1
2026-10-04,AMT,162.259995,phase2b.v1
2026-10-05,AMT,164.779999,phase2b.v1
2026-10-06,AMT,165.994995,phase2b.v1
2026-09-27,ANET,204.919998,phase2b.v1
2026-09-28,ANET,202.860001,phase2b.v1
2026-09-29,ANET,203.589996,phase2b.v1
2026-09-30,ANET,204.490005,phase2b.v1
2026-10-01,ANET,207.350006,phase2b.v1
2026-10-04,ANET,206.899994,phase2b.v1
2026-10-05,ANET,215.360001,phase2b.v1
2026-10-06,ANET,209.429993,phase2b.v1
2026-09-27,APO,119.0,phase2b.v1
2026-09-28,APO,119.0,phase2b.v1
2026-09-29,APO,116.059998,phase2b.v1
2026-09-30,APO,114.339996,phase2b.v1
2026-10-01,APO,114.019997,phase2b.v1
2026-10-04,APO,115.349998,phase2b.v1
2026-10-05,APO,115.949997,phase2b.v1
2026-10-06,APO,115.025002,phase2b.v1
2026-09-27,APP,308.23999,phase2b.v1
2026-09-28,APP,305.660004,phase2b.v1
2026-09-29,APP,290.429993,phase2b.v1
2026-09-30,APP,281.309998,phase2b.v1
2026-10-01,APP,268.220001,phase2b.v1
2026-10-04,APP,281.970001,phase2b.v1
2026-10-05,APP,278.779999,phase2b.v1
2026-10-06,APP,275.269989,phase2b.v1
2026-09-27,APTV,43.639999,phase2b.v1
2026-09-28,APTV,43.369999,phase2b.v1
2026-09-29,APTV,43.02,phase2b.v1
2026-09-30,APTV,43.970001,phase2b.v1
2026-10-01,APTV,43.540001,phase2b.v1
2026-10-04,APTV,43.889999,phase2b.v1
2026-10-05,APTV,44.720001,phase2b.v1
2026-10-06,APTV,44.259998,phase2b.v1
2026-09-27,AVGO,349.570007,phase2b.v1
2026-09-28,AVGO,355.100006,phase2b.v1
2026-09-29,AVGO,351.190002,phase2b.v1
2026-09-30,AVGO,343.640015,phase2b.v1
2026-10-01,AVGO,355.140015,phase2b.v1
2026-10-04,AVGO,362.51001,phase2b.v1
2026-10-05,AVGO,375.809998,phase2b.v1
2026-10-06,AVGO,372.475006,phase2b.v1
2026-09-27,AWK,128.929993,phase2b.v1
2026-09-28,AWK,129.800003,phase2b.v1
2026-09-29,AWK,129.470001,phase2b.v1
2026-09-30,AWK,127.860001,phase2b.v1
2026-10-01,AWK,130.25,phase2b.v1
2026-10-04,AWK,127.839996,phase2b.v1
2026-10-05,AWK,128.039993,phase2b.v1
2026-10-06,AWK,128.248199,phase2b.v1
2026-09-27,AXP,306.329987,phase2b.v1
2026-09-28,AXP,305.399994,phase2b.v1
2026-09-29,AXP,304.100006,phase2b.v1
2026-09-30,AXP,302.089996,phase2b.v1
2026-10-01,AXP,302.779999,phase2b.v1
2026-10-04,AXP,304.019989,phase2b.v1
2026-10-05,AXP,304.549988,phase2b.v1
2026-10-06,AXP,300.690002,phase2b.v1
2026-09-27,BA,184.389999,phase2b.v1
2026-09-28,BA,187.679993,phase2b.v1
2026-09-29,BA,186.050003,phase2b.v1
2026-09-30,BA,192.279999,phase2b.v1
2026-10-01,BA,193.559998,phase2b.v1
2026-10-04,BA,192.720001,phase2b.v1
2026-10-05,BA,189.820007,phase2b.v1
2026-10-06,BA,188.300003,phase2b.v1
2026-09-27,BAC,55.470001,phase2b.v1
2026-09-28,BAC,54.959999,phase2b.v1
2026-09-29,BAC,54.43,phase2b.v1
2026-09-30,BAC,53.73,phase2b.v1
2026-10-01,BAC,53.75,phase2b.v1
2026-10-04,BAC,54.0,phase2b.v1
2026-10-05,BAC,54.09,phase2b.v1
2026-10-06,BAC,53.259998,phase2b.v1
2026-09-27,BAX,23.49,phase2b.v1
2026-09-28,BAX,23.48,phase2b.v1
2026-09-29,BAX,24.0,phase2b.v1
2026-09-30,BAX,23.639999,phase2b.v1
2026-10-01,BAX,23.49,phase2b.v1
2026-10-04,BAX,24.219999,phase2b.v1
2026-10-05,BAX,24.360001,phase2b.v1
2026-10-06,BAX,24.09,phase2b.v1
2026-09-27,BBY,89.910004,phase2b.v1
2026-09-28,BBY,88.75,phase2b.v1
2026-09-29,BBY,88.239998,phase2b.v1
2026-09-30,BBY,87.699997,phase2b.v1
2026-10-01,BBY,87.970001,phase2b.v1
2026-10-04,BBY,87.389999,phase2b.v1
2026-10-05,BBY,84.849998,phase2b.v1
2026-10-06,BBY,84.154999,phase2b.v1
2026-09-27,BDX,183.830002,phase2b.v1
2026-09-28,BDX,181.970001,phase2b.v1
2026-09-29,BDX,179.0,phase2b.v1
2026-09-30,BDX,178.070007,phase2b.v1
2026-10-01,BDX,176.800003,phase2b.v1
2026-10-04,BDX,180.669998,phase2b.v1
2026-10-05,BDX,180.300003,phase2b.v1
2026-10-06,BDX,180.145004,phase2b.v1
2026-09-27,BEN,32.68,phase2b.v1
2026-09-28,BEN,32.669998,phase2b.v1
2026-09-29,BEN,32.119999,phase2b.v1
2026-09-30,BEN,32.5,phase2b.v1
2026-10-01,BEN,32.810001,phase2b.v1
2026-10-04,BEN,32.880001,phase2b.v1
2026-10-05,BEN,32.439999,phase2b.v1
2026-10-06,BEN,32.035,phase2b.v1
2026-09-27,BF-B,26.030001,phase2b.v1
2026-09-28,BF-B,26.290001,phase2b.v1
2026-09-29,BF-B,26.200001,phase2b.v1
2026-09-30,BF-B,25.969999,phase2b.v1
2026-10-01,BF-B,26.16,phase2b.v1
2026-10-04,BF-B,26.27,phase2b.v1
2026-10-05,BF-B,26.35,phase2b.v1
2026-10-06,BF-B,26.344999,phase2b.v1
2026-09-27,BKNG,163.869995,phase2b.v1
2026-09-28,BKNG,162.339996,phase2b.v1
2026-09-29,BKNG,162.910004,phase2b.v1
2026-09-30,BKNG,160.279999,phase2b.v1
2026-10-01,BKNG,159.020004,phase2b.v1
2026-10-04,BKNG,158.330002,phase2b.v1
2026-10-05,BKNG,157.630005,phase2b.v1
2026-10-06,BKNG,157.75,phase2b.v1
2026-09-27,BKR,57.119999,phase2b.v1
2026-09-28,BKR,55.919998,phase2b.v1
2026-09-29,BKR,54.900002,phase2b.v1
2026-09-30,BKR,55.619999,phase2b.v1
2026-10-01,BKR,56.0,phase2b.v1
2026-10-04,BKR,57.380001,phase2b.v1
2026-10-05,BKR,57.130001,phase2b.v1
2026-10-06,BKR,57.224998,phase2b.v1
2026-09-27,BMY,63.880001,phase2b.v1
2026-09-28,BMY,62.860001,phase2b.v1
2026-09-29,BMY,62.400002,phase2b.v1
2026-09-30,BMY,61.459999,phase2b.v1
2026-10-01,BMY,61.150002,phase2b.v1
2026-10-04,BMY,58.810001,phase2b.v1
2026-10-05,BMY,59.59,phase2b.v1
2026-10-06,BMY,59.064999,phase2b.v1
2026-09-27,BNY,148.440002,phase2b.v1
2026-09-28,BNY,146.979996,phase2b.v1
2026-09-29,BNY,144.630005,phase2b.v1
2026-09-30,BNY,143.919998,phase2b.v1
2026-10-01,BNY,145.399994,phase2b.v1
2026-10-04,BNY,143.75,phase2b.v1
2026-10-05,BNY,143.729996,phase2b.v1
2026-10-06,BNY,142.494995,phase2b.v1
2026-09-27,BSX,44.110001,phase2b.v1
2026-09-28,BSX,43.880001,phase2b.v1
2026-09-29,BSX,43.650002,phase2b.v1
2026-09-30,BSX,43.23,phase2b.v1
2026-10-01,BSX,42.599998,phase2b.v1
2026-10-04,BSX,42.400002,phase2b.v1
2026-10-05,BSX,42.189999,phase2b.v1
2026-10-06,BSX,42.220001,phase2b.v1
2026-09-27,C,131.309998,phase2b.v1
2026-09-28,C,130.800003,phase2b.v1
2026-09-29,C,129.479996,phase2b.v1
2026-09-30,C,127.0,phase2b.v1
2026-10-01,C,128.5,phase2b.v1
2026-10-04,C,128.550003,phase2b.v1
2026-10-05,C,128.520004,phase2b.v1
2026-10-06,C,126.0,phase2b.v1
2026-09-27,CARR,55.869999,phase2b.v1
2026-09-28,CARR,55.380001,phase2b.v1
2026-09-29,CARR,54.860001,phase2b.v1
2026-09-30,CARR,55.220001,phase2b.v1
2026-10-01,CARR,55.119999,phase2b.v1
2026-10-04,CARR,55.73,phase2b.v1
2026-10-05,CARR,56.099998,phase2b.v1
2026-10-06,CARR,55.215,phase2b.v1
2026-09-27,CBRE,130.350006,phase2b.v1
2026-09-28,CBRE,130.839996,phase2b.v1
2026-09-29,CBRE,128.470001,phase2b.v1
2026-09-30,CBRE,130.529999,phase2b.v1
2026-10-01,CBRE,129.580002,phase2b.v1
2026-10-04,CBRE,129.399994,phase2b.v1
2026-10-05,CBRE,130.660004,phase2b.v1
2026-10-06,CBRE,130.149796,phase2b.v1
2026-09-27,CCI,67.099998,phase2b.v1
2026-09-28,CCI,67.07,phase2b.v1
2026-09-29,CCI,66.650002,phase2b.v1
2026-09-30,CCI,66.120003,phase2b.v1
2026-10-01,CCI,66.440002,phase2b.v1
2026-10-04,CCI,67.580002,phase2b.v1
2026-10-05,CCI,68.279999,phase2b.v1
2026-10-06,CCI,68.160004,phase2b.v1
2026-09-27,CCL,22.139999,phase2b.v1
2026-09-28,CCL,25.110001,phase2b.v1
2026-09-29,CCL,24.540001,phase2b.v1
2026-09-30,CCL,25.07,phase2b.v1
2026-10-01,CCL,25.76,phase2b.v1
2026-10-04,CCL,25.559999,phase2b.v1
2026-10-05,CCL,26.58,phase2b.v1
2026-10-06,CCL,26.280001,phase2b.v1
2026-09-27,CEG,260.429993,phase2b.v1
2026-09-28,CEG,264.579987,phase2b.v1
2026-09-29,CEG,254.020004,phase2b.v1
2026-09-30,CEG,258.920013,phase2b.v1
2026-10-01,CEG,257.48999,phase2b.v1
2026-10-04,CEG,267.619995,phase2b.v1
2026-10-05,CEG,300.399994,phase2b.v1
2026-10-06,CEG,288.712494,phase2b.v1
2026-09-27,CF,115.510002,phase2b.v1
2026-09-28,CF,115.709999,phase2b.v1
2026-09-29,CF,115.199997,phase2b.v1
2026-09-30,CF,114.540001,phase2b.v1
2026-10-01,CF,115.010002,phase2b.v1
2026-10-04,CF,116.019997,phase2b.v1
2026-10-05,CF,116.019997,phase2b.v1
2026-10-06,CF,117.709999,phase2b.v1
2026-09-27,CFG,64.800003,phase2b.v1
2026-09-28,CFG,63.889999,phase2b.v1
2026-09-29,CFG,63.759998,phase2b.v1
2026-09-30,CFG,63.700001,phase2b.v1
2026-10-01,CFG,64.330002,phase2b.v1
2026-10-04,CFG,64.309998,phase2b.v1
2026-10-05,CFG,64.089996,phase2b.v1
2026-10-06,CFG,63.490002,phase2b.v1
2026-09-27,CHRW,148.240005,phase2b.v1
2026-09-28,CHRW,149.710007,phase2b.v1
2026-09-29,CHRW,147.960007,phase2b.v1
2026-09-30,CHRW,153.139999,phase2b.v1
2026-10-01,CHRW,157.720001,phase2b.v1
2026-10-04,CHRW,140.610001,phase2b.v1
2026-10-05,CHRW,135.050003,phase2b.v1
2026-10-06,CHRW,134.929993,phase2b.v1
2026-09-27,CIEN,344.190002,phase2b.v1
2026-09-28,CIEN,354.920013,phase2b.v1
2026-09-29,CIEN,351.820007,phase2b.v1
2026-09-30,CIEN,379.140015,phase2b.v1
2026-10-01,CIEN,391.339996,phase2b.v1
2026-10-04,CIEN,389.690002,phase2b.v1
2026-10-05,CIEN,443.649994,phase2b.v1
2026-10-06,CIEN,427.290009,phase2b.v1
2026-09-27,CL,86.519997,phase2b.v1
2026-09-28,CL,86.459999,phase2b.v1
2026-09-29,CL,85.32,phase2b.v1
2026-09-30,CL,84.529999,phase2b.v1
2026-10-01,CL,84.260002,phase2b.v1
2026-10-04,CL,86.190002,phase2b.v1
2026-10-05,CL,87.25,phase2b.v1
2026-10-06,CL,87.434998,phase2b.v1
2026-09-27,CLX,81.419998,phase2b.v1
2026-09-28,CLX,81.599998,phase2b.v1
2026-09-29,CLX,81.010002,phase2b.v1
2026-09-30,CLX,80.650002,phase2b.v1
2026-10-01,CLX,80.410004,phase2b.v1
2026-10-04,CLX,82.010002,phase2b.v1
2026-10-05,CLX,83.519997,phase2b.v1
2026-10-06,CLX,83.300003,phase2b.v1
2026-09-27,CMCSA,21.790001,phase2b.v1
2026-09-28,CMCSA,21.6,phase2b.v1
2026-09-29,CMCSA,21.76,phase2b.v1
2026-09-30,CMCSA,21.700001,phase2b.v1
2026-10-01,CMCSA,21.57,phase2b.v1
2026-10-04,CMCSA,21.57,phase2b.v1
2026-10-05,CMCSA,21.559999,phase2b.v1
2026-10-06,CMCSA,21.344999,phase2b.v1
2026-09-27,CMS,62.599998,phase2b.v1
2026-09-28,CMS,63.450001,phase2b.v1
2026-09-29,CMS,63.080002,phase2b.v1
2026-09-30,CMS,63.639999,phase2b.v1
2026-10-01,CMS,63.740002,phase2b.v1
2026-10-04,CMS,64.029999,phase2b.v1
2026-10-05,CMS,65.07,phase2b.v1
2026-10-06,CMS,64.824997,phase2b.v1
2026-09-27,CNC,62.529999,phase2b.v1
2026-09-28,CNC,62.209999,phase2b.v1
2026-09-29,CNC,62.119999,phase2b.v1
2026-09-30,CNC,60.990002,phase2b.v1
2026-10-01,CNC,62.990002,phase2b.v1
2026-10-04,CNC,64.300003,phase2b.v1
2026-10-05,CNC,64.610001,phase2b.v1
2026-10-06,CNC,64.514999,phase2b.v1
2026-09-27,CNP,36.619999,phase2b.v1
2026-09-28,CNP,36.939999,phase2b.v1
2026-09-29,CNP,36.799999,phase2b.v1
2026-09-30,CNP,37.209999,phase2b.v1
2026-10-01,CNP,37.790001,phase2b.v1
2026-10-04,CNP,37.75,phase2b.v1
2026-10-05,CNP,38.560001,phase2b.v1
2026-10-06,CNP,38.445999,phase2b.v1
2026-09-27,COF,196.460007,phase2b.v1
2026-09-28,COF,196.460007,phase2b.v1
2026-09-29,COF,193.070007,phase2b.v1
2026-09-30,COF,194.479996,phase2b.v1
2026-10-01,COF,194.720001,phase2b.v1
2026-10-04,COF,195.139999,phase2b.v1
2026-10-05,COF,195.820007,phase2b.v1
2026-10-06,COF,194.320007,phase2b.v1
2026-09-27,COHR,282.450012,phase2b.v1
2026-09-28,COHR,292.209991,phase2b.v1
2026-09-29,COHR,287.809998,phase2b.v1
2026-09-30,COHR,319.190002,phase2b.v1
2026-10-01,COHR,337.040009,phase2b.v1
2026-10-04,COHR,333.640015,phase2b.v1
2026-10-05,COHR,338.359985,phase2b.v1
2026-10-06,COHR,328.255005,phase2b.v1
2026-09-27,COIN,191.789993,phase2b.v1
2026-09-28,COIN,190.020004,phase2b.v1
2026-09-29,COIN,186.410004,phase2b.v1
2026-09-30,COIN,189.289993,phase2b.v1
2026-10-01,COIN,183.0,phase2b.v1
2026-10-04,COIN,188.220001,phase2b.v1
2026-10-05,COIN,185.740005,phase2b.v1
2026-10-06,COIN,180.030106,phase2b.v1
2026-09-27,COP,126.040001,phase2b.v1
2026-09-28,COP,125.440002,phase2b.v1
2026-09-29,COP,125.150002,phase2b.v1
2026-09-30,COP,127.059998,phase2b.v1
2026-10-01,COP,126.75,phase2b.v1
2026-10-04,COP,128.399994,phase2b.v1
2026-10-05,COP,129.350006,phase2b.v1
2026-10-06,COP,131.619995,phase2b.v1
2026-09-27,CPRT,27.219999,phase2b.v1
2026-09-28,CPRT,27.139999,phase2b.v1
2026-09-29,CPRT,27.280001,phase2b.v1
2026-09-30,CPRT,27.290001,phase2b.v1
2026-10-01,CPRT,27.219999,phase2b.v1
2026-10-04,CPRT,27.65,phase2b.v1
2026-10-05,CPRT,26.82,phase2b.v1
2026-10-06,CPRT,26.924999,phase2b.v1
2026-09-27,CRM,227.270004,phase2b.v1
2026-09-28,CRM,225.309998,phase2b.v1
2026-09-29,CRM,229.570007,phase2b.v1
2026-09-30,CRM,236.690002,phase2b.v1
2026-10-01,CRM,234.690002,phase2b.v1
2026-10-04,CRM,229.789993,phase2b.v1
2026-10-05,CRM,224.990005,phase2b.v1
2026-10-06,CRM,225.039993,phase2b.v1
2026-09-27,CSCO,106.739998,phase2b.v1
2026-09-28,CSCO,106.940002,phase2b.v1
2026-09-29,CSCO,107.629997,phase2b.v1
2026-09-30,CSCO,108.760002,phase2b.v1
2026-10-01,CSCO,112.199997,phase2b.v1
2026-10-04,CSCO,112.82,phase2b.v1
2026-10-05,CSCO,117.940002,phase2b.v1
2026-10-06,CSCO,117.250099,phase2b.v1
2026-09-27,CSGP,27.02,phase2b.v1
2026-09-28,CSGP,26.950001,phase2b.v1
2026-09-29,CSGP,27.4,phase2b.v1
2026-09-30,CSGP,27.719999,phase2b.v1
2026-10-01,CSGP,27.379999,phase2b.v1
2026-10-04,CSGP,27.66,phase2b.v1
2026-10-05,CSGP,27.629999,phase2b.v1
2026-10-06,CSGP,27.695,phase2b.v1
2026-09-27,CTSH,56.75,phase2b.v1
2026-09-28,CTSH,56.84,phase2b.v1
2026-09-29,CTSH,57.439999,phase2b.v1
2026-09-30,CTSH,60.880001,phase2b.v1
2026-10-01,CTSH,58.509998,phase2b.v1
2026-10-04,CTSH,58.169998,phase2b.v1
2026-10-05,CTSH,57.220001,phase2b.v1
2026-10-06,CTSH,57.330002,phase2b.v1
2026-09-27,CTVA,77.739998,phase2b.v1
2026-09-28,CTVA,77.870003,phase2b.v1
2026-09-29,CTVA,77.650002,phase2b.v1
2026-09-30,CTVA,12.57,phase2b.v1
2026-10-01,CTVA,11.92,phase2b.v1
2026-10-04,CTVA,12.39,phase2b.v1
2026-10-05,CTVA,13.91,phase2b.v1
2026-10-06,CTVA,14.32,phase2b.v1
2026-09-27,CVNA,60.470001,phase2b.v1
2026-09-28,CVNA,63.619999,phase2b.v1
2026-09-29,CVNA,62.540001,phase2b.v1
2026-09-30,CVNA,63.040001,phase2b.v1
2026-10-01,CVNA,63.77,phase2b.v1
2026-10-04,CVNA,63.720001,phase2b.v1
2026-10-05,CVNA,63.880001,phase2b.v1
2026-10-06,CVNA,62.919998,phase2b.v1
2026-09-27,CVS,87.849998,phase2b.v1
2026-09-28,CVS,87.099998,phase2b.v1
2026-09-29,CVS,85.690002,phase2b.v1
2026-09-30,CVS,85.199997,phase2b.v1
2026-10-01,CVS,86.459999,phase2b.v1
2026-10-04,CVS,87.010002,phase2b.v1
2026-10-05,CVS,86.43,phase2b.v1
2026-10-06,CVS,87.220001,phase2b.v1
2026-09-27,CVX,206.369995,phase2b.v1
2026-09-28,CVX,204.380005,phase2b.v1
2026-09-29,CVX,204.210007,phase2b.v1
2026-09-30,CVX,207.100006,phase2b.v1
2026-10-01,CVX,206.690002,phase2b.v1
2026-10-04,CVX,206.470001,phase2b.v1
2026-10-05,CVX,207.580002,phase2b.v1
2026-10-06,CVX,209.470001,phase2b.v1
2026-09-27,D,60.279999,phase2b.v1
2026-09-28,D,60.639999,phase2b.v1
2026-09-29,D,60.52,phase2b.v1
2026-09-30,D,60.759998,phase2b.v1
2026-10-01,D,61.310001,phase2b.v1
2026-10-04,D,61.02,phase2b.v1
2026-10-05,D,62.0,phase2b.v1
2026-10-06,D,61.73,phase2b.v1
2026-09-27,DAL,84.029999,phase2b.v1
2026-09-28,DAL,84.870003,phase2b.v1
2026-09-29,DAL,83.459999,phase2b.v1
2026-09-30,DAL,84.129997,phase2b.v1
2026-10-01,DAL,84.089996,phase2b.v1
2026-10-04,DAL,83.080002,phase2b.v1
2026-10-05,DAL,83.660004,phase2b.v1
2026-10-06,DAL,82.309998,phase2b.v1
2026-09-27,DASH,178.389999,phase2b.v1
2026-09-28,DASH,187.100006,phase2b.v1
2026-09-29,DASH,183.550003,phase2b.v1
2026-09-30,DASH,182.175003,phase2b.v1
2026-10-01,DASH,189.149994,phase2b.v1
2026-10-04,DASH,191.770004,phase2b.v1
2026-10-05,DASH,193.619995,phase2b.v1
2026-10-06,DASH,191.919998,phase2b.v1
2026-09-27,DG,124.370003,phase2b.v1
2026-09-28,DG,122.639999,phase2b.v1
2026-09-29,DG,119.580002,phase2b.v1
2026-09-30,DG,118.93,phase2b.v1
2026-10-01,DG,118.940002,phase2b.v1
2026-10-04,DG,119.32,phase2b.v1
2026-10-05,DG,123.269997,phase2b.v1
2026-10-06,DG,123.137497,phase2b.v1
2026-09-27,DHI,139.419998,phase2b.v1
2026-09-28,DHI,139.399994,phase2b.v1
2026-09-29,DHI,136.649994,phase2b.v1
2026-09-30,DHI,137.059998,phase2b.v1
2026-10-01,DHI,135.0,phase2b.v1
2026-10-04,DHI,133.229996,phase2b.v1
2026-10-05,DHI,136.75,phase2b.v1
2026-10-06,DHI,133.914993,phase2b.v1
2026-09-27,DHR,227.330002,phase2b.v1
2026-09-28,DHR,226.110001,phase2b.v1
2026-09-29,DHR,221.550003,phase2b.v1
2026-09-30,DHR,211.759995,phase2b.v1
2026-10-01,DHR,214.059998,phase2b.v1
2026-10-04,DHR,221.210007,phase2b.v1
2026-10-05,DHR,215.610001,phase2b.v1
2026-10-06,DHR,218.449997,phase2b.v1
2026-09-27,DIS,105.589996,phase2b.v1
2026-09-28,DIS,105.410004,phase2b.v1
2026-09-29,DIS,104.900002,phase2b.v1
2026-09-30,DIS,101.330002,phase2b.v1
2026-10-01,DIS,102.190002,phase2b.v1
2026-10-04,DIS,103.610001,phase2b.v1
2026-10-05,DIS,104.029999,phase2b.v1
2026-10-06,DIS,103.410004,phase2b.v1
2026-09-27,DLTR,116.019997,phase2b.v1
2026-09-28,DLTR,113.300003,phase2b.v1
2026-09-29,DLTR,114.019997,phase2b.v1
2026-09-30,DLTR,114.43,phase2b.v1
2026-10-01,DLTR,112.160004,phase2b.v1
2026-10-04,DLTR,113.190002,phase2b.v1
2026-10-05,DLTR,116.190002,phase2b.v1
2026-10-06,DLTR,116.190002,phase2b.v1
2026-09-27,DOC,20.1,phase2b.v1
2026-09-28,DOC,20.129999,phase2b.v1
2026-09-29,DOC,19.969999,phase2b.v1
2026-09-30,DOC,19.440001,phase2b.v1
2026-10-01,DOC,19.49,phase2b.v1
2026-10-04,DOC,18.84,phase2b.v1
2026-10-05,DOC,19.0,phase2b.v1
2026-10-06,DOC,18.959999,phase2b.v1
2026-09-27,DOW,27.889999,phase2b.v1
2026-09-28,DOW,27.610001,phase2b.v1
2026-09-29,DOW,27.540001,phase2b.v1
2026-09-30,DOW,27.59,phase2b.v1
2026-10-01,DOW,27.969999,phase2b.v1
2026-10-04,DOW,28.51,phase2b.v1
2026-10-05,DOW,28.16,phase2b.v1
2026-10-06,DOW,28.577499,phase2b.v1
2026-09-27,DUK,113.410004,phase2b.v1
2026-09-28,DUK,114.209999,phase2b.v1
2026-09-29,DUK,114.010002,phase2b.v1
2026-09-30,DUK,113.739998,phase2b.v1
2026-10-01,DUK,114.129997,phase2b.v1
2026-10-04,DUK,113.839996,phase2b.v1
2026-10-05,DUK,115.660004,phase2b.v1
2026-10-06,DUK,115.580101,phase2b.v1
2026-09-27,DVN,46.73,phase2b.v1
2026-09-28,DVN,46.599998,phase2b.v1
2026-09-29,DVN,46.040001,phase2b.v1
2026-09-30,DVN,47.16,phase2b.v1
2026-10-01,DVN,47.650002,phase2b.v1
2026-10-04,DVN,47.98,phase2b.v1
2026-10-05,DVN,48.02,phase2b.v1
2026-10-06,DVN,48.580002,phase2b.v1
2026-09-27,DXCM,86.68,phase2b.v1
2026-09-28,DXCM,86.639999,phase2b.v1
2026-09-29,DXCM,86.290001,phase2b.v1
2026-09-30,DXCM,86.230003,phase2b.v1
2026-10-01,DXCM,85.360001,phase2b.v1
2026-10-04,DXCM,86.900002,phase2b.v1
2026-10-05,DXCM,83.389999,phase2b.v1
2026-10-06,DXCM,84.419998,phase2b.v1
2026-09-27,EBAY,107.32,phase2b.v1
2026-09-28,EBAY,105.209999,phase2b.v1
2026-09-29,EBAY,106.050003,phase2b.v1
2026-09-30,EBAY,105.889999,phase2b.v1
2026-10-01,EBAY,106.400002,phase2b.v1
2026-10-04,EBAY,107.139999,phase2b.v1
2026-10-05,EBAY,107.059998,phase2b.v1
2026-10-06,EBAY,107.769997,phase2b.v1
2026-09-27,ECHO,89.220001,phase2b.v1
2026-09-28,ECHO,89.889999,phase2b.v1
2026-09-29,ECHO,89.410004,phase2b.v1
2026-09-30,ECHO,88.25,phase2b.v1
2026-10-01,ECHO,94.25,phase2b.v1
2026-10-04,ECHO,98.209999,phase2b.v1
2026-10-05,ECHO,100.010002,phase2b.v1
2026-10-06,ECHO,99.040001,phase2b.v1
2026-09-27,ED,102.830002,phase2b.v1
2026-09-28,ED,103.330002,phase2b.v1
2026-09-29,ED,102.209999,phase2b.v1
2026-09-30,ED,103.5,phase2b.v1
2026-10-01,ED,103.389999,phase2b.v1
2026-10-04,ED,103.379997,phase2b.v1
2026-10-05,ED,105.120003,phase2b.v1
2026-10-06,ED,104.934998,phase2b.v1
2026-09-27,EIX,51.470001,phase2b.v1
2026-09-28,EIX,53.560001,phase2b.v1
2026-09-29,EIX,53.73,phase2b.v1
2026-09-30,EIX,53.799999,phase2b.v1
2026-10-01,EIX,53.889999,phase2b.v1
2026-10-04,EIX,54.240002,phase2b.v1
2026-10-05,EIX,54.25,phase2b.v1
2026-10-06,EIX,53.764999,phase2b.v1
2026-09-27,EOG,140.630005,phase2b.v1
2026-09-28,EOG,139.660004,phase2b.v1
2026-09-29,EOG,137.759995,phase2b.v1
2026-09-30,EOG,141.309998,phase2b.v1
2026-10-01,EOG,141.380005,phase2b.v1
2026-10-04,EOG,144.080002,phase2b.v1
2026-10-05,EOG,144.279999,phase2b.v1
2026-10-06,EOG,146.154999,phase2b.v1
2026-09-27,EQT,49.869999,phase2b.v1
2026-09-28,EQT,48.880001,phase2b.v1
2026-09-29,EQT,48.560001,phase2b.v1
2026-09-30,EQT,50.09,phase2b.v1
2026-10-01,EQT,50.169998,phase2b.v1
2026-10-04,EQT,51.119999,phase2b.v1
2026-10-05,EQT,52.470001,phase2b.v1
2026-10-06,EQT,52.724998,phase2b.v1
2026-09-27,ES,63.279999,phase2b.v1
2026-09-28,ES,63.900002,phase2b.v1
2026-09-29,ES,64.160004,phase2b.v1
2026-09-30,ES,64.309998,phase2b.v1
2026-10-01,ES,64.5,phase2b.v1
2026-10-04,ES,64.690002,phase2b.v1
2026-10-05,ES,65.260002,phase2b.v1
2026-10-06,ES,65.209999,phase2b.v1
2026-09-27,ETR,98.099998,phase2b.v1
2026-09-28,ETR,99.760002,phase2b.v1
2026-09-29,ETR,99.260002,phase2b.v1
2026-09-30,ETR,100.400002,phase2b.v1
2026-10-01,ETR,100.910004,phase2b.v1
2026-10-04,ETR,100.82,phase2b.v1
2026-10-05,ETR,103.25,phase2b.v1
2026-10-06,ETR,102.75,phase2b.v1
2026-09-27,EXC,40.32,phase2b.v1
2026-09-28,EXC,40.650002,phase2b.v1
2026-09-29,EXC,40.400002,phase2b.v1
2026-09-30,EXC,40.470001,phase2b.v1
2026-10-01,EXC,40.73,phase2b.v1
2026-10-04,EXC,40.82,phase2b.v1
2026-10-05,EXC,41.68,phase2b.v1
2026-10-06,EXC,41.610001,phase2b.v1
2026-09-27,EXE,85.309998,phase2b.v1
2026-09-28,EXE,84.18,phase2b.v1
2026-09-29,EXE,84.089996,phase2b.v1
2026-09-30,EXE,85.959999,phase2b.v1
2026-10-01,EXE,85.519997,phase2b.v1
2026-10-04,EXE,86.43,phase2b.v1
2026-10-05,EXE,88.230003,phase2b.v1
2026-10-06,EXE,88.349998,phase2b.v1
2026-09-27,F,12.38,phase2b.v1
2026-09-28,F,12.3,phase2b.v1
2026-09-29,F,12.06,phase2b.v1
2026-09-30,F,12.27,phase2b.v1
2026-10-01,F,12.1,phase2b.v1
2026-10-04,F,12.15,phase2b.v1
2026-10-05,F,12.28,phase2b.v1
2026-10-06,F,12.175,phase2b.v1
2026-09-27,FANG,185.229996,phase2b.v1
2026-09-28,FANG,183.949997,phase2b.v1
2026-09-29,FANG,183.809998,phase2b.v1
2026-09-30,FANG,185.509995,phase2b.v1
2026-10-01,FANG,184.710007,phase2b.v1
2026-10-04,FANG,184.080002,phase2b.v1
2026-10-05,FANG,184.979996,phase2b.v1
2026-10-06,FANG,186.539993,phase2b.v1
2026-09-27,FAST,50.490002,phase2b.v1
2026-09-28,FAST,49.959999,phase2b.v1
2026-09-29,FAST,49.529999,phase2b.v1
2026-09-30,FAST,50.23,phase2b.v1
2026-10-01,FAST,50.75,phase2b.v1
2026-10-04,FAST,50.689999,phase2b.v1
2026-10-05,FAST,50.810001,phase2b.v1
2026-10-06,FAST,50.639999,phase2b.v1
2026-09-27,FCX,71.959999,phase2b.v1
2026-09-28,FCX,70.790001,phase2b.v1
2026-09-29,FCX,70.0,phase2b.v1
2026-09-30,FCX,69.279999,phase2b.v1
2026-10-01,FCX,72.040001,phase2b.v1
2026-10-04,FCX,72.599998,phase2b.v1
2026-10-05,FCX,72.559998,phase2b.v1
2026-10-06,FCX,71.059998,phase2b.v1
2026-09-27,FE,43.02,phase2b.v1
2026-09-28,FE,43.639999,phase2b.v1
2026-09-29,FE,43.330002,phase2b.v1
2026-09-30,FE,43.389999,phase2b.v1
2026-10-01,FE,43.34,phase2b.v1
2026-10-04,FE,43.639999,phase2b.v1
2026-10-05,FE,44.259998,phase2b.v1
2026-10-06,FE,44.299999,phase2b.v1
2026-09-27,FIS,34.310001,phase2b.v1
2026-09-28,FIS,33.349998,phase2b.v1
2026-09-29,FIS,32.900002,phase2b.v1
2026-09-30,FIS,33.099998,phase2b.v1
2026-10-01,FIS,32.439999,phase2b.v1
2026-10-04,FIS,33.580002,phase2b.v1
2026-10-05,FIS,33.419998,phase2b.v1
2026-10-06,FIS,33.6101,phase2b.v1
2026-09-27,FISV,46.02,phase2b.v1
2026-09-28,FISV,45.360001,phase2b.v1
2026-09-29,FISV,45.18,phase2b.v1
2026-09-30,FISV,45.380001,phase2b.v1
2026-10-01,FISV,44.360001,phase2b.v1
2026-10-04,FISV,46.139999,phase2b.v1
2026-10-05,FISV,45.48,phase2b.v1
2026-10-06,FISV,45.82,phase2b.v1
2026-09-27,FITB,51.57,phase2b.v1
2026-09-28,FITB,50.970001,phase2b.v1
2026-09-29,FITB,50.580002,phase2b.v1
2026-09-30,FITB,50.41,phase2b.v1
2026-10-01,FITB,50.869999,phase2b.v1
2026-10-04,FITB,50.799999,phase2b.v1
2026-10-05,FITB,51.0,phase2b.v1
2026-10-06,FITB,50.43,phase2b.v1
2026-09-27,FLEX,113.040001,phase2b.v1
2026-09-28,FLEX,113.830002,phase2b.v1
2026-09-29,FLEX,109.989998,phase2b.v1
2026-09-30,FLEX,112.779999,phase2b.v1
2026-10-01,FLEX,116.610001,phase2b.v1
2026-10-04,FLEX,116.760002,phase2b.v1
2026-10-05,FLEX,121.379997,phase2b.v1
2026-10-06,FLEX,118.379997,phase2b.v1
2026-09-27,FOXA,63.060001,phase2b.v1
2026-09-28,FOXA,62.48,phase2b.v1
2026-09-29,FOXA,62.650002,phase2b.v1
2026-09-30,FOXA,61.279999,phase2b.v1
2026-10-01,FOXA,62.279999,phase2b.v1
2026-10-04,FOXA,63.330002,phase2b.v1
2026-10-05,FOXA,62.080002,phase2b.v1
2026-10-06,FOXA,62.240002,phase2b.v1
2026-09-27,FTNT,176.330002,phase2b.v1
2026-09-28,FTNT,175.960007,phase2b.v1
2026-09-29,FTNT,178.759995,phase2b.v1
2026-09-30,FTNT,178.720001,phase2b.v1
2026-10-01,FTNT,180.949997,phase2b.v1
2026-10-04,FTNT,184.130005,phase2b.v1
2026-10-05,FTNT,191.270004,phase2b.v1
2026-10-06,FTNT,189.419998,phase2b.v1
2026-09-27,FTV,55.759998,phase2b.v1
2026-09-28,FTV,55.41,phase2b.v1
2026-09-29,FTV,54.810001,phase2b.v1
2026-09-30,FTV,55.84,phase2b.v1
2026-10-01,FTV,57.470001,phase2b.v1
2026-10-04,FTV,57.380001,phase2b.v1
2026-10-05,FTV,57.889999,phase2b.v1
2026-10-06,FTV,57.525002,phase2b.v1
2026-09-27,GE,318.23999,phase2b.v1
2026-09-28,GE,317.890015,phase2b.v1
2026-09-29,GE,312.290009,phase2b.v1
2026-09-30,GE,312.390015,phase2b.v1
2026-10-01,GE,309.559998,phase2b.v1
2026-10-04,GE,306.339996,phase2b.v1
2026-10-05,GE,309.390015,phase2b.v1
2026-10-06,GE,306.73999,phase2b.v1
2026-09-27,GEHC,66.779999,phase2b.v1
2026-09-28,GEHC,66.459999,phase2b.v1
2026-09-29,GEHC,65.370003,phase2b.v1
2026-09-30,GEHC,63.98,phase2b.v1
2026-10-01,GEHC,64.290001,phase2b.v1
2026-10-04,GEHC,65.739998,phase2b.v1
2026-10-05,GEHC,64.769997,phase2b.v1
2026-10-06,GEHC,65.010002,phase2b.v1
2026-09-27,GEN,20.85,phase2b.v1
2026-09-28,GEN,20.85,phase2b.v1
2026-09-29,GEN,22.02,phase2b.v1
2026-09-30,GEN,22.25,phase2b.v1
2026-10-01,GEN,21.99,phase2b.v1
2026-10-04,GEN,22.280001,phase2b.v1
2026-10-05,GEN,22.799999,phase2b.v1
2026-10-06,GEN,22.469999,phase2b.v1
2026-09-27,GILD,152.210007,phase2b.v1
2026-09-28,GILD,151.279999,phase2b.v1
2026-09-29,GILD,149.050003,phase2b.v1
2026-09-30,GILD,147.5,phase2b.v1
2026-10-01,GILD,144.740005,phase2b.v1
2026-10-04,GILD,144.630005,phase2b.v1
2026-10-05,GILD,144.229996,phase2b.v1
2026-10-06,GILD,145.529999,phase2b.v1
2026-09-27,GIS,33.599998,phase2b.v1
2026-09-28,GIS,33.82,phase2b.v1
2026-09-29,GIS,32.16,phase2b.v1
2026-09-30,GIS,31.67,phase2b.v1
2026-10-01,GIS,32.009998,phase2b.v1
2026-10-04,GIS,31.68,phase2b.v1
2026-10-05,GIS,32.18,phase2b.v1
2026-10-06,GIS,32.224998,phase2b.v1
2026-09-27,GLW,151.589996,phase2b.v1
2026-09-28,GLW,158.710007,phase2b.v1
2026-09-29,GLW,153.759995,phase2b.v1
2026-09-30,GLW,160.419998,phase2b.v1
2026-10-01,GLW,164.190002,phase2b.v1
2026-10-04,GLW,159.369995,phase2b.v1
2026-10-05,GLW,168.970001,phase2b.v1
2026-10-06,GLW,163.149994,phase2b.v1
2026-09-27,GM,80.639999,phase2b.v1
2026-09-28,GM,80.470001,phase2b.v1
2026-09-29,GM,77.0,phase2b.v1
2026-09-30,GM,79.309998,phase2b.v1
2026-10-01,GM,78.269997,phase2b.v1
2026-10-04,GM,80.230003,phase2b.v1
2026-10-05,GM,82.010002,phase2b.v1
2026-10-06,GM,81.434998,phase2b.v1
2026-09-27,GOOG,339.160004,phase2b.v1
2026-09-28,GOOG,337.320007,phase2b.v1
2026-09-29,GOOG,340.73999,phase2b.v1
2026-09-30,GOOG,334.929993,phase2b.v1
2026-10-01,GOOG,340.350006,phase2b.v1
2026-10-04,GOOG,343.829987,phase2b.v1
2026-10-05,GOOG,344.589996,phase2b.v1
2026-10-06,GOOG,343.26001,phase2b.v1
2026-09-27,GOOGL,342.75,phase2b.v1
2026-09-28,GOOGL,340.920013,phase2b.v1
2026-09-29,GOOGL,344.079987,phase2b.v1
2026-09-30,GOOGL,338.23999,phase2b.v1
2026-10-01,GOOGL,343.5,phase2b.v1
2026-10-04,GOOGL,346.470001,phase2b.v1
2026-10-05,GOOGL,347.679993,phase2b.v1
2026-10-06,GOOGL,346.100006,phase2b.v1
2026-09-27,GS,916.280029,phase2b.v1
2026-09-28,GS,916.23999,phase2b.v1
2026-09-29,GS,900.359985,phase2b.v1
2026-09-30,GS,896.669983,phase2b.v1
2026-10-01,GS,902.559998,phase2b.v1
2026-10-04,GS,893.460022,phase2b.v1
2026-10-05,GS,897.179993,phase2b.v1
2026-10-06,GS,878.630005,phase2b.v1
2026-09-27,HAL,32.43,phase2b.v1
2026-09-28,HAL,31.540001,phase2b.v1
2026-09-29,HAL,31.799999,phase2b.v1
2026-09-30,HAL,31.879999,phase2b.v1
2026-10-01,HAL,31.85,phase2b.v1
2026-10-04,HAL,32.779999,phase2b.v1
2026-10-05,HAL,32.720001,phase2b.v1
2026-10-06,HAL,32.799999,phase2b.v1
2026-09-27,HBAN,15.3,phase2b.v1
2026-09-28,HBAN,15.27,phase2b.v1
2026-09-29,HBAN,15.26,phase2b.v1
2026-09-30,HBAN,15.19,phase2b.v1
2026-10-01,HBAN,15.33,phase2b.v1
2026-10-04,HBAN,15.29,phase2b.v1
2026-10-05,HBAN,15.33,phase2b.v1
2026-10-06,HBAN,15.16,phase2b.v1
2026-09-27,HD,289.890015,phase2b.v1
2026-09-28,HD,288.040009,phase2b.v1
2026-09-29,HD,284.48999,phase2b.v1
2026-09-30,HD,282.459991,phase2b.v1
2026-10-01,HD,282.850006,phase2b.v1
2026-10-04,HD,281.149994,phase2b.v1
2026-10-05,HD,286.690002,phase2b.v1
2026-10-06,HD,285.190002,phase2b.v1
2026-09-27,HON,211.520004,phase2b.v1
2026-09-28,HON,210.130005,phase2b.v1
2026-09-29,HON,210.940002,phase2b.v1
2026-09-30,HON,213.800003,phase2b.v1
2026-10-01,HON,213.990005,phase2b.v1
2026-10-04,HON,214.139999,phase2b.v1
2026-10-05,HON,212.869995,phase2b.v1
2026-10-06,HON,210.769897,phase2b.v1
2026-09-27,HOOD,116.459999,phase2b.v1
2026-09-28,HOOD,116.220001,phase2b.v1
2026-09-29,HOOD,112.5,phase2b.v1
2026-09-30,HOOD,111.150002,phase2b.v1
2026-10-01,HOOD,112.739998,phase2b.v1
2026-10-04,HOOD,114.110001,phase2b.v1
2026-10-05,HOOD,112.0,phase2b.v1
2026-10-06,HOOD,108.669998,phase2b.v1
2026-09-27,HPE,62.630001,phase2b.v1
2026-09-28,HPE,61.490002,phase2b.v1
2026-09-29,HPE,63.889999,phase2b.v1
2026-09-30,HPE,64.580002,phase2b.v1
2026-10-01,HPE,69.330002,phase2b.v1
2026-10-04,HPE,68.360001,phase2b.v1
2026-10-05,HPE,70.480003,phase2b.v1
2026-10-06,HPE,70.379997,phase2b.v1
2026-09-27,HPQ,31.32,phase2b.v1
2026-09-28,HPQ,30.73,phase2b.v1
2026-09-29,HPQ,31.280001,phase2b.v1
2026-09-30,HPQ,32.150002,phase2b.v1
2026-10-01,HPQ,32.119999,phase2b.v1
2026-10-04,HPQ,31.469999,phase2b.v1
2026-10-05,HPQ,31.73,phase2b.v1
2026-10-06,HPQ,31.891001,phase2b.v1
2026-09-27,HRL,19.969999,phase2b.v1
2026-09-28,HRL,19.85,phase2b.v1
2026-09-29,HRL,19.940001,phase2b.v1
2026-09-30,HRL,19.959999,phase2b.v1
2026-10-01,HRL,20.25,phase2b.v1
2026-10-04,HRL,20.08,phase2b.v1
2026-10-05,HRL,19.879999,phase2b.v1
2026-10-06,HRL,20.02,phase2b.v1
2026-09-27,HST,22.66,phase2b.v1
2026-09-28,HST,22.440001,phase2b.v1
2026-09-29,HST,22.389999,phase2b.v1
2026-09-30,HST,22.51,phase2b.v1
2026-10-01,HST,22.559999,phase2b.v1
2026-10-04,HST,22.440001,phase2b.v1
2026-10-05,HST,22.48,phase2b.v1
2026-10-06,HST,22.485001,phase2b.v1
2026-09-27,HWM,228.320007,phase2b.v1
2026-09-28,HWM,230.940002,phase2b.v1
2026-09-29,HWM,226.179993,phase2b.v1
2026-09-30,HWM,228.380005,phase2b.v1
2026-10-01,HWM,231.270004,phase2b.v1
2026-10-04,HWM,229.570007,phase2b.v1
2026-10-05,HWM,231.600006,phase2b.v1
2026-10-06,HWM,227.889999,phase2b.v1
2026-09-27,IBKR,87.080002,phase2b.v1
2026-09-28,IBKR,86.18,phase2b.v1
2026-09-29,IBKR,85.419998,phase2b.v1
2026-09-30,IBKR,85.809998,phase2b.v1
2026-10-01,IBKR,88.300003,phase2b.v1
2026-10-04,IBKR,89.050003,phase2b.v1
2026-10-05,IBKR,90.580002,phase2b.v1
2026-10-06,IBKR,88.080002,phase2b.v1
2026-09-27,IBM,220.669998,phase2b.v1
2026-09-28,IBM,219.990005,phase2b.v1
2026-09-29,IBM,219.929993,phase2b.v1
2026-09-30,IBM,225.619995,phase2b.v1
2026-10-01,IBM,222.639999,phase2b.v1
2026-10-04,IBM,221.580002,phase2b.v1
2026-10-05,IBM,221.289993,phase2b.v1
2026-10-06,IBM,221.940002,phase2b.v1
2026-09-27,ICE,152.910004,phase2b.v1
2026-09-28,ICE,152.190002,phase2b.v1
2026-09-29,ICE,152.029999,phase2b.v1
2026-09-30,ICE,151.470001,phase2b.v1
2026-10-01,ICE,150.149994,phase2b.v1
2026-10-04,ICE,152.149994,phase2b.v1
2026-10-05,ICE,153.490005,phase2b.v1
2026-10-06,ICE,153.264999,phase2b.v1
2026-09-27,INCY,124.82,phase2b.v1
2026-09-28,INCY,123.199997,phase2b.v1
2026-09-29,INCY,121.349998,phase2b.v1
2026-09-30,INCY,117.139999,phase2b.v1
2026-10-01,INCY,115.300003,phase2b.v1
2026-10-04,INCY,114.129997,phase2b.v1
2026-10-05,INCY,112.730003,phase2b.v1
2026-10-06,INCY,113.525002,phase2b.v1
2026-09-27,INTC,116.029999,phase2b.v1
2026-09-28,INTC,115.93,phase2b.v1
2026-09-29,INTC,120.230003,phase2b.v1
2026-09-30,INTC,120.0,phase2b.v1
2026-10-01,INTC,119.330002,phase2b.v1
2026-10-04,INTC,116.190002,phase2b.v1
2026-10-05,INTC,112.5,phase2b.v1
2026-10-06,INTC,113.260002,phase2b.v1
2026-09-27,INTU,269.399994,phase2b.v1
2026-09-28,INTU,268.029999,phase2b.v1
2026-09-29,INTU,275.709991,phase2b.v1
2026-09-30,INTU,282.779999,phase2b.v1
2026-10-01,INTU,281.079987,phase2b.v1
2026-10-04,INTU,284.679993,phase2b.v1
2026-10-05,INTU,289.809998,phase2b.v1
2026-10-06,INTU,291.875,phase2b.v1
2026-09-27,INVH,26.540001,phase2b.v1
2026-09-28,INVH,26.57,phase2b.v1
2026-09-29,INVH,26.33,phase2b.v1
2026-09-30,INVH,26.4,phase2b.v1
2026-10-01,INVH,26.040001,phase2b.v1
2026-10-04,INVH,26.059999,phase2b.v1
2026-10-05,INVH,26.389999,phase2b.v1
2026-10-06,INVH,26.415001,phase2b.v1
2026-09-27,IP,34.0,phase2b.v1
2026-09-28,IP,33.32,phase2b.v1
2026-09-29,IP,33.169998,phase2b.v1
2026-09-30,IP,32.52,phase2b.v1
2026-10-01,IP,31.969999,phase2b.v1
2026-10-04,IP,32.049999,phase2b.v1
2026-10-05,IP,32.139999,phase2b.v1
2026-10-06,IP,31.860001,phase2b.v1
2026-09-27,IR,76.379997,phase2b.v1
2026-09-28,IR,76.480003,phase2b.v1
2026-09-29,IR,75.110001,phase2b.v1
2026-09-30,IR,75.25,phase2b.v1
2026-10-01,IR,76.07,phase2b.v1
2026-10-04,IR,78.550003,phase2b.v1
2026-10-05,IR,79.209999,phase2b.v1
2026-10-06,IR,78.253998,phase2b.v1
2026-09-27,IVZ,30.43,phase2b.v1
2026-09-28,IVZ,30.42,phase2b.v1
2026-09-29,IVZ,30.16,phase2b.v1
2026-09-30,IVZ,30.42,phase2b.v1
2026-10-01,IVZ,30.66,phase2b.v1
2026-10-04,IVZ,30.5,phase2b.v1
2026-10-05,IVZ,30.379999,phase2b.v1
2026-10-06,IVZ,30.049999,phase2b.v1
2026-09-27,JCI,148.889999,phase2b.v1
2026-09-28,JCI,149.419998,phase2b.v1
2026-09-29,JCI,148.649994,phase2b.v1
2026-09-30,JCI,151.770004,phase2b.v1
2026-10-01,JCI,156.240005,phase2b.v1
2026-10-04,JCI,156.850006,phase2b.v1
2026-10-05,JCI,158.759995,phase2b.v1
2026-10-06,JCI,156.824997,phase2b.v1
2026-09-27,JNJ,271.950012,phase2b.v1
2026-09-28,JNJ,267.570007,phase2b.v1
2026-09-29,JNJ,264.73999,phase2b.v1
2026-09-30,JNJ,258.660004,phase2b.v1
2026-10-01,JNJ,256.029999,phase2b.v1
2026-10-04,JNJ,252.929993,phase2b.v1
2026-10-05,JNJ,254.779999,phase2b.v1
2026-10-06,JNJ,256.299988,phase2b.v1
2026-09-27,JPM,336.589996,phase2b.v1
2026-09-28,JPM,334.980011,phase2b.v1
2026-09-29,JPM,330.829987,phase2b.v1
2026-09-30,JPM,333.179993,phase2b.v1
2026-10-01,JPM,332.380005,phase2b.v1
2026-10-04,JPM,332.380005,phase2b.v1
2026-10-05,JPM,331.279999,phase2b.v1
2026-10-06,JPM,326.910004,phase2b.v1
2026-09-27,KDP,31.459999,phase2b.v1
2026-09-28,KDP,31.030001,phase2b.v1
2026-09-29,KDP,30.34,phase2b.v1
2026-09-30,KDP,30.690001,phase2b.v1
2026-10-01,KDP,30.370001,phase2b.v1
2026-10-04,KDP,30.889999,phase2b.v1
2026-10-05,KDP,31.129999,phase2b.v1
2026-10-06,KDP,30.969999,phase2b.v1
2026-09-27,KEY,20.4,phase2b.v1
2026-09-28,KEY,20.120001,phase2b.v1
2026-09-29,KEY,20.07,phase2b.v1
2026-09-30,KEY,20.049999,phase2b.v1
2026-10-01,KEY,20.08,phase2b.v1
2026-10-04,KEY,20.18,phase2b.v1
2026-10-05,KEY,20.139999,phase2b.v1
2026-10-06,KEY,19.93,phase2b.v1
2026-09-27,KHC,23.559999,phase2b.v1
2026-09-28,KHC,23.450001,phase2b.v1
2026-09-29,KHC,22.719999,phase2b.v1
2026-09-30,KHC,22.459999,phase2b.v1
2026-10-01,KHC,22.190001,phase2b.v1
2026-10-04,KHC,21.84,phase2b.v1
2026-10-05,KHC,22.030001,phase2b.v1
2026-10-06,KHC,22.07,phase2b.v1
2026-09-27,KIM,22.49,phase2b.v1
2026-09-28,KIM,22.42,phase2b.v1
2026-09-29,KIM,22.209999,phase2b.v1
2026-09-30,KIM,22.209999,phase2b.v1
2026-10-01,KIM,22.24,phase2b.v1
2026-10-04,KIM,22.030001,phase2b.v1
2026-10-05,KIM,22.139999,phase2b.v1
2026-10-06,KIM,22.075001,phase2b.v1
2026-09-27,KKR,93.239998,phase2b.v1
2026-09-28,KKR,93.18,phase2b.v1
2026-09-29,KKR,91.300003,phase2b.v1
2026-09-30,KKR,91.239998,phase2b.v1
2026-10-01,KKR,90.290001,phase2b.v1
2026-10-04,KKR,89.959999,phase2b.v1
2026-10-05,KKR,90.669998,phase2b.v1
2026-10-06,KKR,89.059998,phase2b.v1
2026-09-27,KLAC,189.169998,phase2b.v1
2026-09-28,KLAC,196.529999,phase2b.v1
2026-09-29,KLAC,194.929993,phase2b.v1
2026-09-30,KLAC,200.330002,phase2b.v1
2026-10-01,KLAC,206.889999,phase2b.v1
2026-10-04,KLAC,206.850006,phase2b.v1
2026-10-05,KLAC,197.460007,phase2b.v1
2026-10-06,KLAC,194.509995,phase2b.v1
2026-09-27,KMB,98.769997,phase2b.v1
2026-09-28,KMB,98.989998,phase2b.v1
2026-09-29,KMB,97.43,phase2b.v1
2026-09-30,KMB,94.339996,phase2b.v1
2026-10-01,KMB,94.360001,phase2b.v1
2026-10-04,KMB,95.410004,phase2b.v1
2026-10-05,KMB,96.769997,phase2b.v1
2026-10-06,KMB,96.540001,phase2b.v1
2026-09-27,KMI,30.629999,phase2b.v1
2026-09-28,KMI,30.450001,phase2b.v1
2026-09-29,KMI,30.15,phase2b.v1
2026-09-30,KMI,30.530001,phase2b.v1
2026-10-01,KMI,31.07,phase2b.v1
2026-10-04,KMI,31.41,phase2b.v1
2026-10-05,KMI,32.16,phase2b.v1
2026-10-06,KMI,32.099998,phase2b.v1
2026-09-27,KO,87.18,phase2b.v1
2026-09-28,KO,86.839996,phase2b.v1
2026-09-29,KO,86.080002,phase2b.v1
2026-09-30,KO,86.099998,phase2b.v1
2026-10-01,KO,85.650002,phase2b.v1
2026-10-04,KO,86.510002,phase2b.v1
2026-10-05,KO,86.169998,phase2b.v1
2026-10-06,KO,86.43,phase2b.v1
2026-09-27,KR,59.689999,phase2b.v1
2026-09-28,KR,60.790001,phase2b.v1
2026-09-29,KR,58.619999,phase2b.v1
2026-09-30,KR,59.48,phase2b.v1
2026-10-01,KR,59.029999,phase2b.v1
2026-10-04,KR,58.779999,phase2b.v1
2026-10-05,KR,58.41,phase2b.v1
2026-10-06,KR,59.689999,phase2b.v1
2026-09-27,KVUE,17.879999,phase2b.v1
2026-09-28,KVUE,17.91,phase2b.v1
2026-09-29,KVUE,17.66,phase2b.v1
2026-09-30,KVUE,17.219999,phase2b.v1
2026-10-01,KVUE,17.200001,phase2b.v1
2026-10-04,KVUE,17.389999,phase2b.v1
2026-10-05,KVUE,17.59,phase2b.v1
2026-10-06,KVUE,17.559999,phase2b.v1
2026-09-27,LEN,82.029999,phase2b.v1
2026-09-28,LEN,83.010002,phase2b.v1
2026-09-29,LEN,81.589996,phase2b.v1
2026-09-30,LEN,82.110001,phase2b.v1
2026-10-01,LEN,79.809998,phase2b.v1
2026-10-04,LEN,74.440002,phase2b.v1
2026-10-05,LEN,77.410004,phase2b.v1
2026-10-06,LEN,75.195,phase2b.v1
2026-09-27,LIN,472.040009,phase2b.v1
2026-09-28,LIN,473.369995,phase2b.v1
2026-09-29,LIN,474.649994,phase2b.v1
2026-09-30,LIN,469.450012,phase2b.v1
2026-10-01,LIN,479.480011,phase2b.v1
2026-10-04,LIN,482.380005,phase2b.v1
2026-10-05,LIN,489.950012,phase2b.v1
2026-10-06,LIN,487.934998,phase2b.v1
2026-09-27,LITE,921.320007,phase2b.v1
2026-09-28,LITE,973.48999,phase2b.v1
2026-09-29,LITE,971.26001,phase2b.v1
2026-09-30,LITE,1045.780029,phase2b.v1
2026-10-01,LITE,1085.420044,phase2b.v1
2026-10-04,LITE,1091.670044,phase2b.v1
2026-10-05,LITE,1133.400024,phase2b.v1
2026-10-06,LITE,1106.769897,phase2b.v1
2026-09-27,LLY,1184.780029,phase2b.v1
2026-09-28,LLY,1184.630005,phase2b.v1
2026-09-29,LLY,1157.079956,phase2b.v1
2026-09-30,LLY,1149.849976,phase2b.v1
2026-10-01,LLY,1142.849976,phase2b.v1
2026-10-04,LLY,1143.119995,phase2b.v1
2026-10-05,LLY,1157.48999,phase2b.v1
2026-10-06,LLY,1172.535034,phase2b.v1
2026-09-27,LNT,63.209999,phase2b.v1
2026-09-28,LNT,64.339996,phase2b.v1
2026-09-29,LNT,63.299999,phase2b.v1
2026-09-30,LNT,63.709999,phase2b.v1
2026-10-01,LNT,64.330002,phase2b.v1
2026-10-04,LNT,64.290001,phase2b.v1
2026-10-05,LNT,65.489998,phase2b.v1
2026-10-06,LNT,65.235001,phase2b.v1
2026-09-27,LOW,187.660004,phase2b.v1
2026-09-28,LOW,187.259995,phase2b.v1
2026-09-29,LOW,184.289993,phase2b.v1
2026-09-30,LOW,182.380005,phase2b.v1
2026-10-01,LOW,180.800003,phase2b.v1
2026-10-04,LOW,179.5,phase2b.v1
2026-10-05,LOW,183.669998,phase2b.v1
2026-10-06,LOW,182.75,phase2b.v1
2026-09-27,LRCX,314.470001,phase2b.v1
2026-09-28,LRCX,323.859985,phase2b.v1
2026-09-29,LRCX,328.51001,phase2b.v1
2026-09-30,LRCX,340.100006,phase2b.v1
2026-10-01,LRCX,347.48999,phase2b.v1
2026-10-04,LRCX,345.799988,phase2b.v1
2026-10-05,LRCX,333.890015,phase2b.v1
2026-10-06,LRCX,325.140015,phase2b.v1
2026-09-27,LULU,100.580002,phase2b.v1
2026-09-28,LULU,96.870003,phase2b.v1
2026-09-29,LULU,96.190002,phase2b.v1
2026-09-30,LULU,95.860001,phase2b.v1
2026-10-01,LULU,94.459999,phase2b.v1
2026-10-04,LULU,93.139999,phase2b.v1
2026-10-05,LULU,93.610001,phase2b.v1
2026-10-06,LULU,92.809998,phase2b.v1
2026-09-27,LUV,42.279999,phase2b.v1
2026-09-28,LUV,42.080002,phase2b.v1
2026-09-29,LUV,41.639999,phase2b.v1
2026-09-30,LUV,41.84,phase2b.v1
2026-10-01,LUV,42.470001,phase2b.v1
2026-10-04,LUV,41.849998,phase2b.v1
2026-10-05,LUV,42.450001,phase2b.v1
2026-10-06,LUV,41.740002,phase2b.v1
2026-09-27,LVS,38.779999,phase2b.v1
2026-09-28,LVS,38.32,phase2b.v1
2026-09-29,LVS,37.810001,phase2b.v1
2026-09-30,LVS,36.689999,phase2b.v1
2026-10-01,LVS,36.23,phase2b.v1
2026-10-04,LVS,36.610001,phase2b.v1
2026-10-05,LVS,36.310001,phase2b.v1
2026-10-06,LVS,36.345001,phase2b.v1
2026-09-27,LYB,58.27,phase2b.v1
2026-09-28,LYB,58.18,phase2b.v1
2026-09-29,LYB,57.470001,phase2b.v1
2026-09-30,LYB,57.779999,phase2b.v1
2026-10-01,LYB,58.580002,phase2b.v1
2026-10-04,LYB,59.220001,phase2b.v1
2026-10-05,LYB,58.93,phase2b.v1
2026-10-06,LYB,59.709999,phase2b.v1
2026-09-27,MA,568.26001,phase2b.v1
2026-09-28,MA,563.580017,phase2b.v1
2026-09-29,MA,551.469971,phase2b.v1
2026-09-30,MA,550.0,phase2b.v1
2026-10-01,MA,552.26001,phase2b.v1
2026-10-04,MA,564.590027,phase2b.v1
2026-10-05,MA,566.580017,phase2b.v1
2026-10-06,MA,568.070007,phase2b.v1
2026-09-27,MAS,68.360001,phase2b.v1
2026-09-28,MAS,68.370003,phase2b.v1
2026-09-29,MAS,67.400002,phase2b.v1
2026-09-30,MAS,68.279999,phase2b.v1
2026-10-01,MAS,68.360001,phase2b.v1
2026-10-04,MAS,68.459999,phase2b.v1
2026-10-05,MAS,69.93,phase2b.v1
2026-10-06,MAS,69.010002,phase2b.v1
2026-09-27,MCD,233.600006,phase2b.v1
2026-09-28,MCD,233.979996,phase2b.v1
2026-09-29,MCD,230.940002,phase2b.v1
2026-09-30,MCD,231.830002,phase2b.v1
2026-10-01,MCD,231.889999,phase2b.v1
2026-10-04,MCD,233.039993,phase2b.v1
2026-10-05,MCD,232.449997,phase2b.v1
2026-10-06,MCD,232.729996,phase2b.v1
2026-09-27,MCHP,77.970001,phase2b.v1
2026-09-28,MCHP,78.779999,phase2b.v1
2026-09-29,MCHP,77.769997,phase2b.v1
2026-09-30,MCHP,78.5,phase2b.v1
2026-10-01,MCHP,81.32,phase2b.v1
2026-10-04,MCHP,81.489998,phase2b.v1
2026-10-05,MCHP,81.260002,phase2b.v1
2026-10-06,MCHP,79.860001,phase2b.v1
2026-09-27,MDLZ,60.18,phase2b.v1
2026-09-28,MDLZ,59.32,phase2b.v1
2026-09-29,MDLZ,57.82,phase2b.v1
2026-09-30,MDLZ,57.759998,phase2b.v1
2026-10-01,MDLZ,58.189999,phase2b.v1
2026-10-04,MDLZ,58.490002,phase2b.v1
2026-10-05,MDLZ,59.619999,phase2b.v1
2026-10-06,MDLZ,59.619999,phase2b.v1
2026-09-27,MDT,89.5,phase2b.v1
2026-09-28,MDT,87.089996,phase2b.v1
2026-09-29,MDT,86.290001,phase2b.v1
2026-09-30,MDT,86.440002,phase2b.v1
2026-10-01,MDT,86.379997,phase2b.v1
2026-10-04,MDT,87.970001,phase2b.v1
2026-10-05,MDT,87.089996,phase2b.v1
2026-10-06,MDT,87.919998,phase2b.v1
2026-09-27,MET,95.82,phase2b.v1
2026-09-28,MET,95.199997,phase2b.v1
2026-09-29,MET,94.160004,phase2b.v1
2026-09-30,MET,94.349998,phase2b.v1
2026-10-01,MET,94.43,phase2b.v1
2026-10-04,MET,96.879997,phase2b.v1
2026-10-05,MET,97.160004,phase2b.v1
2026-10-06,MET,96.650002,phase2b.v1
2026-09-27,MGM,31.860001,phase2b.v1
2026-09-28,MGM,31.52,phase2b.v1
2026-09-29,MGM,31.049999,phase2b.v1
2026-09-30,MGM,30.469999,phase2b.v1
2026-10-01,MGM,30.48,phase2b.v1
2026-10-04,MGM,30.17,phase2b.v1
2026-10-05,MGM,30.540001,phase2b.v1
2026-10-06,MGM,30.415001,phase2b.v1
2026-09-27,MMM,169.479996,phase2b.v1
2026-09-28,MMM,168.490005,phase2b.v1
2026-09-29,MMM,164.149994,phase2b.v1
2026-09-30,MMM,163.020004,phase2b.v1
2026-10-01,MMM,161.889999,phase2b.v1
2026-10-04,MMM,163.190002,phase2b.v1
2026-10-05,MMM,163.639999,phase2b.v1
2026-10-06,MMM,162.839996,phase2b.v1
2026-09-27,MO,69.129997,phase2b.v1
2026-09-28,MO,68.720001,phase2b.v1
2026-09-29,MO,67.339996,phase2b.v1
2026-09-30,MO,66.949997,phase2b.v1
2026-10-01,MO,67.349998,phase2b.v1
2026-10-04,MO,67.879997,phase2b.v1
2026-10-05,MO,68.550003,phase2b.v1
2026-10-06,MO,69.142899,phase2b.v1
2026-09-27,MOS,22.25,phase2b.v1
2026-09-28,MOS,22.42,phase2b.v1
2026-09-29,MOS,21.65,phase2b.v1
2026-09-30,MOS,21.549999,phase2b.v1
2026-10-01,MOS,21.07,phase2b.v1
2026-10-04,MOS,21.290001,phase2b.v1
2026-10-05,MOS,20.940001,phase2b.v1
2026-10-06,MOS,21.02,phase2b.v1
2026-09-27,MRK,148.690002,phase2b.v1
2026-09-28,MRK,149.279999,phase2b.v1
2026-09-29,MRK,145.309998,phase2b.v1
2026-09-30,MRK,143.809998,phase2b.v1
2026-10-01,MRK,144.300003,phase2b.v1
2026-10-04,MRK,139.539993,phase2b.v1
2026-10-05,MRK,141.940002,phase2b.v1
2026-10-06,MRK,141.949997,phase2b.v1
2026-09-27,MRNA,197.279999,phase2b.v1
2026-09-28,MRNA,203.460007,phase2b.v1
2026-09-29,MRNA,192.570007,phase2b.v1
2026-09-30,MRNA,188.940002,phase2b.v1
2026-10-01,MRNA,190.009995,phase2b.v1
2026-10-04,MRNA,203.210007,phase2b.v1
2026-10-05,MRNA,187.460007,phase2b.v1
2026-10-06,MRNA,188.595001,phase2b.v1
2026-09-27,MRVL,251.899994,phase2b.v1
2026-09-28,MRVL,263.269989,phase2b.v1
2026-09-29,MRVL,264.209991,phase2b.v1
2026-09-30,MRVL,268.079987,phase2b.v1
2026-10-01,MRVL,272.290009,phase2b.v1
2026-10-04,MRVL,271.25,phase2b.v1
2026-10-05,MRVL,287.01001,phase2b.v1
2026-10-06,MRVL,280.165009,phase2b.v1
2026-09-27,MS,193.639999,phase2b.v1
2026-09-28,MS,192.759995,phase2b.v1
2026-09-29,MS,188.080002,phase2b.v1
2026-09-30,MS,188.009995,phase2b.v1
2026-10-01,MS,190.309998,phase2b.v1
2026-10-04,MS,190.190002,phase2b.v1
2026-10-05,MS,191.020004,phase2b.v1
2026-10-06,MS,187.179993,phase2b.v1
2026-09-27,MU,1053.97998,phase2b.v1
2026-09-28,MU,1065.079956,phase2b.v1
2026-09-29,MU,1065.109985,phase2b.v1
2026-09-30,MU,1097.390015,phase2b.v1
2026-10-01,MU,1074.890015,phase2b.v1
2026-10-04,MU,1063.959961,phase2b.v1
2026-10-05,MU,1045.560059,phase2b.v1
2026-10-06,MU,1013.73999,phase2b.v1
2026-09-27,NCLH,14.31,phase2b.v1
2026-09-28,NCLH,14.8,phase2b.v1
2026-09-29,NCLH,14.66,phase2b.v1
2026-09-30,NCLH,14.64,phase2b.v1
2026-10-01,NCLH,15.14,phase2b.v1
2026-10-04,NCLH,14.87,phase2b.v1
2026-10-05,NCLH,15.51,phase2b.v1
2026-10-06,NCLH,15.23,phase2b.v1
2026-09-27,NDAQ,92.620003,phase2b.v1
2026-09-28,NDAQ,91.849998,phase2b.v1
2026-09-29,NDAQ,92.010002,phase2b.v1
2026-09-30,NDAQ,91.669998,phase2b.v1
2026-10-01,NDAQ,90.330002,phase2b.v1
2026-10-04,NDAQ,92.190002,phase2b.v1
2026-10-05,NDAQ,92.269997,phase2b.v1
2026-10-06,NDAQ,91.470001,phase2b.v1
2026-09-27,NEE,75.489998,phase2b.v1
2026-09-28,NEE,75.889999,phase2b.v1
2026-09-29,NEE,75.739998,phase2b.v1
2026-09-30,NEE,76.349998,phase2b.v1
2026-10-01,NEE,76.830002,phase2b.v1
2026-10-04,NEE,76.279999,phase2b.v1
2026-10-05,NEE,77.879997,phase2b.v1
2026-10-06,NEE,77.495003,phase2b.v1
2026-09-27,NEM,116.050003,phase2b.v1
2026-09-28,NEM,117.089996,phase2b.v1
2026-09-29,NEM,115.339996,phase2b.v1
2026-09-30,NEM,114.669998,phase2b.v1
2026-10-01,NEM,115.559998,phase2b.v1
2026-10-04,NEM,115.82,phase2b.v1
2026-10-05,NEM,116.389999,phase2b.v1
2026-10-06,NEM,112.809998,phase2b.v1
2026-09-27,NFLX,69.230003,phase2b.v1
2026-09-28,NFLX,70.300003,phase2b.v1
2026-09-29,NFLX,69.580002,phase2b.v1
2026-09-30,NFLX,67.849998,phase2b.v1
2026-10-01,NFLX,67.059998,phase2b.v1
2026-10-04,NFLX,67.5,phase2b.v1
2026-10-05,NFLX,68.690002,phase2b.v1
2026-10-06,NFLX,68.910004,phase2b.v1
2026-09-27,NI,39.099998,phase2b.v1
2026-09-28,NI,39.32,phase2b.v1
2026-09-29,NI,39.0,phase2b.v1
2026-09-30,NI,39.5,phase2b.v1
2026-10-01,NI,39.43,phase2b.v1
2026-10-04,NI,39.549999,phase2b.v1
2026-10-05,NI,40.669998,phase2b.v1
2026-10-06,NI,40.599998,phase2b.v1
2026-09-27,NKE,36.389999,phase2b.v1
2026-09-28,NKE,35.84,phase2b.v1
2026-09-29,NKE,35.400002,phase2b.v1
2026-09-30,NKE,35.150002,phase2b.v1
2026-10-01,NKE,33.869999,phase2b.v1
2026-10-04,NKE,33.959999,phase2b.v1
2026-10-05,NKE,34.610001,phase2b.v1
2026-10-06,NKE,34.25,phase2b.v1
2026-09-27,NOW,131.449997,phase2b.v1
2026-09-28,NOW,129.940002,phase2b.v1
2026-09-29,NOW,134.009995,phase2b.v1
2026-09-30,NOW,137.759995,phase2b.v1
2026-10-01,NOW,134.380005,phase2b.v1
2026-10-04,NOW,136.080002,phase2b.v1
2026-10-05,NOW,137.970001,phase2b.v1
2026-10-06,NOW,139.050003,phase2b.v1
2026-09-27,NRG,97.0,phase2b.v1
2026-09-28,NRG,97.169998,phase2b.v1
2026-09-29,NRG,95.650002,phase2b.v1
2026-09-30,NRG,96.93,phase2b.v1
2026-10-01,NRG,95.230003,phase2b.v1
2026-10-04,NRG,96.800003,phase2b.v1
2026-10-05,NRG,103.599998,phase2b.v1
2026-10-06,NRG,101.400002,phase2b.v1
2026-09-27,NTAP,204.410004,phase2b.v1
2026-09-28,NTAP,209.179993,phase2b.v1
2026-09-29,NTAP,210.080002,phase2b.v1
2026-09-30,NTAP,215.050003,phase2b.v1
2026-10-01,NTAP,226.270004,phase2b.v1
2026-10-04,NTAP,223.770004,phase2b.v1
2026-10-05,NTAP,228.449997,phase2b.v1
2026-10-06,NTAP,232.949997,phase2b.v1
2026-09-27,NVDA,228.860001,phase2b.v1
2026-09-28,NVDA,227.210007,phase2b.v1
2026-09-29,NVDA,228.380005,phase2b.v1
2026-09-30,NVDA,230.860001,phase2b.v1
2026-10-01,NVDA,233.949997,phase2b.v1
2026-10-04,NVDA,238.899994,phase2b.v1
2026-10-05,NVDA,239.240005,phase2b.v1
2026-10-06,NVDA,237.75,phase2b.v1
2026-09-27,NWSA,29.1,phase2b.v1
2026-09-28,NWSA,28.52,phase2b.v1
2026-09-29,NWSA,28.65,phase2b.v1
2026-09-30,NWSA,28.639999,phase2b.v1
2026-10-01,NWSA,28.690001,phase2b.v1
2026-10-04,NWSA,28.950001,phase2b.v1
2026-10-05,NWSA,28.549999,phase2b.v1
2026-10-06,NWSA,28.59,phase2b.v1
2026-09-27,O,55.349998,phase2b.v1
2026-09-28,O,55.139999,phase2b.v1
2026-09-29,O,54.299999,phase2b.v1
2026-09-30,O,53.529999,phase2b.v1
2026-10-01,O,54.130001,phase2b.v1
2026-10-04,O,53.77,phase2b.v1
2026-10-05,O,54.25,phase2b.v1
2026-10-06,O,54.060001,phase2b.v1
2026-09-27,OKE,88.620003,phase2b.v1
2026-09-28,OKE,86.860001,phase2b.v1
2026-09-29,OKE,85.269997,phase2b.v1
2026-09-30,OKE,87.160004,phase2b.v1
2026-10-01,OKE,87.879997,phase2b.v1
2026-10-04,OKE,88.580002,phase2b.v1
2026-10-05,OKE,89.230003,phase2b.v1
2026-10-06,OKE,89.455002,phase2b.v1
2026-09-27,OMC,75.099998,phase2b.v1
2026-09-28,OMC,74.139999,phase2b.v1
2026-09-29,OMC,73.629997,phase2b.v1
2026-09-30,OMC,74.699997,phase2b.v1
2026-10-01,OMC,74.150002,phase2b.v1
2026-10-04,OMC,75.25,phase2b.v1
2026-10-05,OMC,75.099998,phase2b.v1
2026-10-06,OMC,75.220001,phase2b.v1
2026-09-27,ORCL,132.600006,phase2b.v1
2026-09-28,ORCL,137.789993,phase2b.v1
2026-09-29,ORCL,137.300003,phase2b.v1
2026-09-30,ORCL,138.070007,phase2b.v1
2026-10-01,ORCL,142.300003,phase2b.v1
2026-10-04,ORCL,142.479996,phase2b.v1
2026-10-05,ORCL,144.770004,phase2b.v1
2026-10-06,ORCL,141.460007,phase2b.v1
2026-09-27,ORLY,86.510002,phase2b.v1
2026-09-28,ORLY,86.07,phase2b.v1
2026-09-29,ORLY,85.410004,phase2b.v1
2026-09-30,ORLY,85.029999,phase2b.v1
2026-10-01,ORLY,84.900002,phase2b.v1
2026-10-04,ORLY,83.900002,phase2b.v1
2026-10-05,ORLY,85.139999,phase2b.v1
2026-10-06,ORLY,85.870003,phase2b.v1
2026-09-27,OTIS,66.330002,phase2b.v1
2026-09-28,OTIS,65.629997,phase2b.v1
2026-09-29,OTIS,64.32,phase2b.v1
2026-09-30,OTIS,64.480003,phase2b.v1
2026-10-01,OTIS,64.050003,phase2b.v1
2026-10-04,OTIS,65.879997,phase2b.v1
2026-10-05,OTIS,66.449997,phase2b.v1
2026-10-06,OTIS,66.040001,phase2b.v1
2026-09-27,OXY,56.099998,phase2b.v1
2026-09-28,OXY,54.939999,phase2b.v1
2026-09-29,OXY,55.32,phase2b.v1
2026-09-30,OXY,57.84,phase2b.v1
2026-10-01,OXY,58.080002,phase2b.v1
2026-10-04,OXY,58.310001,phase2b.v1
2026-10-05,OXY,58.330002,phase2b.v1
2026-10-06,OXY,58.889999,phase2b.v1
2026-09-27,PANW,392.089996,phase2b.v1
2026-09-28,PANW,388.410004,phase2b.v1
2026-09-29,PANW,397.309998,phase2b.v1
2026-09-30,PANW,396.25,phase2b.v1
2026-10-01,PANW,403.23999,phase2b.v1
2026-10-04,PANW,406.76001,phase2b.v1
2026-10-05,PANW,419.910004,phase2b.v1
2026-10-06,PANW,413.299988,phase2b.v1
2026-09-27,PAYX,99.300003,phase2b.v1
2026-09-28,PAYX,99.309998,phase2b.v1
2026-09-29,PAYX,98.5,phase2b.v1
2026-09-30,PAYX,100.839996,phase2b.v1
2026-10-01,PAYX,98.940002,phase2b.v1
2026-10-04,PAYX,99.779999,phase2b.v1
2026-10-05,PAYX,101.019997,phase2b.v1
2026-10-06,PAYX,101.364998,phase2b.v1
2026-09-27,PCAR,111.650002,phase2b.v1
2026-09-28,PCAR,111.800003,phase2b.v1
2026-09-29,PCAR,109.809998,phase2b.v1
2026-09-30,PCAR,109.940002,phase2b.v1
2026-10-01,PCAR,109.68,phase2b.v1
2026-10-04,PCAR,109.360001,phase2b.v1
2026-10-05,PCAR,109.32,phase2b.v1
2026-10-06,PCAR,108.425003,phase2b.v1
2026-09-27,PCG,11.95,phase2b.v1
2026-09-28,PCG,12.18,phase2b.v1
2026-09-29,PCG,12.25,phase2b.v1
2026-09-30,PCG,12.17,phase2b.v1
2026-10-01,PCG,12.32,phase2b.v1
2026-10-04,PCG,12.35,phase2b.v1
2026-10-05,PCG,12.5,phase2b.v1
2026-10-06,PCG,12.535,phase2b.v1
2026-09-27,PEG,66.730003,phase2b.v1
2026-09-28,PEG,67.68,phase2b.v1
2026-09-29,PEG,67.339996,phase2b.v1
2026-09-30,PEG,67.889999,phase2b.v1
2026-10-01,PEG,68.07,phase2b.v1
2026-10-04,PEG,68.68,phase2b.v1
2026-10-05,PEG,71.730003,phase2b.v1
2026-10-06,PEG,71.5,phase2b.v1
2026-09-27,PEP,128.5,phase2b.v1
2026-09-28,PEP,128.690002,phase2b.v1
2026-09-29,PEP,126.720001,phase2b.v1
2026-09-30,PEP,125.599998,phase2b.v1
2026-10-01,PEP,125.889999,phase2b.v1
2026-10-04,PEP,125.650002,phase2b.v1
2026-10-05,PEP,125.709999,phase2b.v1
2026-10-06,PEP,125.459999,phase2b.v1
2026-09-27,PFE,28.719999,phase2b.v1
2026-09-28,PFE,28.719999,phase2b.v1
2026-09-29,PFE,28.52,phase2b.v1
2026-09-30,PFE,28.120001,phase2b.v1
2026-10-01,PFE,27.799999,phase2b.v1
2026-10-04,PFE,27.41,phase2b.v1
2026-10-05,PFE,27.5,phase2b.v1
2026-10-06,PFE,27.620001,phase2b.v1
2026-09-27,PG,149.029999,phase2b.v1
2026-09-28,PG,148.320007,phase2b.v1
2026-09-29,PG,145.279999,phase2b.v1
2026-09-30,PG,143.949997,phase2b.v1
2026-10-01,PG,144.910004,phase2b.v1
2026-10-04,PG,145.940002,phase2b.v1
2026-10-05,PG,148.410004,phase2b.v1
2026-10-06,PG,148.300003,phase2b.v1
2026-09-27,PGR,209.470001,phase2b.v1
2026-09-28,PGR,210.520004,phase2b.v1
2026-09-29,PGR,207.309998,phase2b.v1
2026-09-30,PGR,210.960007,phase2b.v1
2026-10-01,PGR,210.309998,phase2b.v1
2026-10-04,PGR,212.619995,phase2b.v1
2026-10-05,PGR,212.050003,phase2b.v1
2026-10-06,PGR,212.350006,phase2b.v1
2026-09-27,PLD,132.440002,phase2b.v1
2026-09-28,PLD,132.610001,phase2b.v1
2026-09-29,PLD,129.839996,phase2b.v1
2026-09-30,PLD,128.179993,phase2b.v1
2026-10-01,PLD,128.910004,phase2b.v1
2026-10-04,PLD,128.080002,phase2b.v1
2026-10-05,PLD,128.679993,phase2b.v1
2026-10-06,PLD,128.179993,phase2b.v1
2026-09-27,PLTR,187.479996,phase2b.v1
2026-09-28,PLTR,186.970001,phase2b.v1
2026-09-29,PLTR,187.050003,phase2b.v1
2026-09-30,PLTR,190.039993,phase2b.v1
2026-10-01,PLTR,188.75,phase2b.v1
2026-10-04,PLTR,189.399994,phase2b.v1
2026-10-05,PLTR,192.070007,phase2b.v1
2026-10-06,PLTR,192.350006,phase2b.v1
2026-09-27,PM,193.759995,phase2b.v1
2026-09-28,PM,193.899994,phase2b.v1
2026-09-29,PM,190.820007,phase2b.v1
2026-09-30,PM,188.179993,phase2b.v1
2026-10-01,PM,187.460007,phase2b.v1
2026-10-04,PM,189.529999,phase2b.v1
2026-10-05,PM,190.399994,phase2b.v1
2026-10-06,PM,191.479996,phase2b.v1
2026-09-27,PNR,53.029999,phase2b.v1
2026-09-28,PNR,53.470001,phase2b.v1
2026-09-29,PNR,52.990002,phase2b.v1
2026-09-30,PNR,52.880001,phase2b.v1
2026-10-01,PNR,53.029999,phase2b.v1
2026-10-04,PNR,52.779999,phase2b.v1
2026-10-05,PNR,52.939999,phase2b.v1
2026-10-06,PNR,52.495201,phase2b.v1
2026-09-27,PPL,32.110001,phase2b.v1
2026-09-28,PPL,32.580002,phase2b.v1
2026-09-29,PPL,32.889999,phase2b.v1
2026-09-30,PPL,32.759998,phase2b.v1
2026-10-01,PPL,32.799999,phase2b.v1
2026-10-04,PPL,32.950001,phase2b.v1
2026-10-05,PPL,33.700001,phase2b.v1
2026-10-06,PPL,33.694,phase2b.v1
2026-09-27,PTC,139.690002,phase2b.v1
2026-09-28,PTC,137.559998,phase2b.v1
2026-09-29,PTC,140.300003,phase2b.v1
2026-09-30,PTC,146.470001,phase2b.v1
2026-10-01,PTC,144.029999,phase2b.v1
2026-10-04,PTC,192.259995,phase2b.v1
2026-10-05,PTC,193.0,phase2b.v1
2026-10-06,PTC,193.169998,phase2b.v1
2026-09-27,PYPL,54.279999,phase2b.v1
2026-09-28,PYPL,53.889999,phase2b.v1
2026-09-29,PYPL,52.529999,phase2b.v1
2026-09-30,PYPL,53.060001,phase2b.v1
2026-10-01,PYPL,52.799999,phase2b.v1
2026-10-04,PYPL,54.41,phase2b.v1
2026-10-05,PYPL,54.610001,phase2b.v1
2026-10-06,PYPL,54.57,phase2b.v1
2026-09-27,QCOM,187.479996,phase2b.v1
2026-09-28,QCOM,184.100006,phase2b.v1
2026-09-29,QCOM,184.039993,phase2b.v1
2026-09-30,QCOM,182.089996,phase2b.v1
2026-10-01,QCOM,184.869995,phase2b.v1
2026-10-04,QCOM,180.789993,phase2b.v1
2026-10-05,QCOM,181.029999,phase2b.v1
2026-10-06,QCOM,179.130005,phase2b.v1
2026-09-27,RDDT,143.080002,phase2b.v1
2026-09-28,RDDT,145.360001,phase2b.v1
2026-09-29,RDDT,142.440002,phase2b.v1
2026-09-30,RDDT,149.529999,phase2b.v1
2026-10-01,RDDT,147.860001,phase2b.v1
2026-10-04,RDDT,150.419998,phase2b.v1
2026-10-05,RDDT,148.949997,phase2b.v1
2026-10-06,RDDT,148.169998,phase2b.v1
2026-09-27,RF,27.26,phase2b.v1
2026-09-28,RF,26.889999,phase2b.v1
2026-09-29,RF,26.879999,phase2b.v1
2026-09-30,RF,26.959999,phase2b.v1
2026-10-01,RF,27.1,phase2b.v1
2026-10-04,RF,27.07,phase2b.v1
2026-10-05,RF,27.049999,phase2b.v1
2026-10-06,RF,26.825001,phase2b.v1
2026-09-27,ROST,237.089996,phase2b.v1
2026-09-28,ROST,234.399994,phase2b.v1
2026-09-29,ROST,233.399994,phase2b.v1
2026-09-30,ROST,234.100006,phase2b.v1
2026-10-01,ROST,228.539993,phase2b.v1
2026-10-04,ROST,226.369995,phase2b.v1
2026-10-05,ROST,224.210007,phase2b.v1
2026-10-06,ROST,223.375,phase2b.v1
2026-09-27,RTX,187.660004,phase2b.v1
2026-09-28,RTX,186.940002,phase2b.v1
2026-09-29,RTX,185.649994,phase2b.v1
2026-09-30,RTX,185.009995,phase2b.v1
2026-10-01,RTX,184.679993,phase2b.v1
2026-10-04,RTX,184.330002,phase2b.v1
2026-10-05,RTX,183.289993,phase2b.v1
2026-10-06,RTX,182.740601,phase2b.v1
2026-09-27,RVTY,151.020004,phase2b.v1
2026-09-28,RVTY,152.770004,phase2b.v1
2026-09-29,RVTY,152.889999,phase2b.v1
2026-09-30,RVTY,149.059998,phase2b.v1
2026-10-01,RVTY,151.529999,phase2b.v1
2026-10-04,RVTY,157.360001,phase2b.v1
2026-10-05,RVTY,153.300003,phase2b.v1
2026-10-06,RVTY,154.085007,phase2b.v1
2026-09-27,SBUX,95.269997,phase2b.v1
2026-09-28,SBUX,95.43,phase2b.v1
2026-09-29,SBUX,93.959999,phase2b.v1
2026-09-30,SBUX,94.879997,phase2b.v1
2026-10-01,SBUX,94.709999,phase2b.v1
2026-10-04,SBUX,94.43,phase2b.v1
2026-10-05,SBUX,96.110001,phase2b.v1
2026-10-06,SBUX,95.440002,phase2b.v1
2026-09-27,SCHW,98.300003,phase2b.v1
2026-09-28,SCHW,99.099998,phase2b.v1
2026-09-29,SCHW,97.739998,phase2b.v1
2026-09-30,SCHW,98.370003,phase2b.v1
2026-10-01,SCHW,96.699997,phase2b.v1
2026-10-04,SCHW,97.959999,phase2b.v1
2026-10-05,SCHW,96.800003,phase2b.v1
2026-10-06,SCHW,95.449997,phase2b.v1
2026-09-27,SLB,51.490002,phase2b.v1
2026-09-28,SLB,49.869999,phase2b.v1
2026-09-29,SLB,48.720001,phase2b.v1
2026-09-30,SLB,48.66,phase2b.v1
2026-10-01,SLB,48.740002,phase2b.v1
2026-10-04,SLB,50.279999,phase2b.v1
2026-10-05,SLB,50.0,phase2b.v1
2026-10-06,SLB,49.895,phase2b.v1
2026-09-27,SMCI,41.779999,phase2b.v1
2026-09-28,SMCI,41.02,phase2b.v1
2026-09-29,SMCI,41.07,phase2b.v1
2026-09-30,SMCI,41.919998,phase2b.v1
2026-10-01,SMCI,43.689999,phase2b.v1
2026-10-04,SMCI,43.189999,phase2b.v1
2026-10-05,SMCI,43.459999,phase2b.v1
2026-10-06,SMCI,43.014999,phase2b.v1
2026-09-27,SNDK,1712.890015,phase2b.v1
2026-09-28,SNDK,1729.76001,phase2b.v1
2026-09-29,SNDK,1739.890015,phase2b.v1
2026-09-30,SNDK,1787.689941,phase2b.v1
2026-10-01,SNDK,1719.98999,phase2b.v1
2026-10-04,SNDK,1704.160034,phase2b.v1
2026-10-05,SNDK,1660.459961,phase2b.v1
2026-10-06,SNDK,1638.619995,phase2b.v1
2026-09-27,SO,82.349998,phase2b.v1
2026-09-28,SO,83.449997,phase2b.v1
2026-09-29,SO,82.889999,phase2b.v1
2026-09-30,SO,83.470001,phase2b.v1
2026-10-01,SO,83.720001,phase2b.v1
2026-10-04,SO,83.790001,phase2b.v1
2026-10-05,SO,85.440002,phase2b.v1
2026-10-06,SO,85.360001,phase2b.v1
2026-09-27,SRE,76.889999,phase2b.v1
2026-09-28,SRE,78.18,phase2b.v1
2026-09-29,SRE,77.959999,phase2b.v1
2026-09-30,SRE,78.050003,phase2b.v1
2026-10-01,SRE,78.379997,phase2b.v1
2026-10-04,SRE,78.160004,phase2b.v1
2026-10-05,SRE,79.970001,phase2b.v1
2026-10-06,SRE,79.690002,phase2b.v1
2026-09-27,STX,921.51001,phase2b.v1
2026-09-28,STX,913.450012,phase2b.v1
2026-09-29,STX,922.340027,phase2b.v1
2026-09-30,STX,945.570007,phase2b.v1
2026-10-01,STX,848.98999,phase2b.v1
2026-10-04,STX,887.090027,phase2b.v1
2026-10-05,STX,805.630005,phase2b.v1
2026-10-06,STX,793.0,phase2b.v1
2026-09-27,SW,45.07,phase2b.v1
2026-09-28,SW,44.380001,phase2b.v1
2026-09-29,SW,44.099998,phase2b.v1
2026-09-30,SW,43.040001,phase2b.v1
2026-10-01,SW,42.540001,phase2b.v1
2026-10-04,SW,42.41,phase2b.v1
2026-10-05,SW,42.389999,phase2b.v1
2026-10-06,SW,41.826,phase2b.v1
2026-09-27,SWKS,87.589996,phase2b.v1
2026-09-28,SWKS,88.040001,phase2b.v1
2026-09-29,SWKS,85.480003,phase2b.v1
2026-09-30,SWKS,83.160004,phase2b.v1
2026-10-01,SWKS,85.029999,phase2b.v1
2026-10-04,SWKS,83.910004,phase2b.v1
2026-10-05,SWKS,82.790001,phase2b.v1
2026-10-06,SWKS,82.055,phase2b.v1
2026-09-27,SYY,78.57,phase2b.v1
2026-09-28,SYY,78.489998,phase2b.v1
2026-09-29,SYY,77.959999,phase2b.v1
2026-09-30,SYY,77.769997,phase2b.v1
2026-10-01,SYY,77.489998,phase2b.v1
2026-10-04,SYY,76.379997,phase2b.v1
2026-10-05,SYY,77.449997,phase2b.v1
2026-10-06,SYY,77.455002,phase2b.v1
2026-09-27,T,24.9,phase2b.v1
2026-09-28,T,24.48,phase2b.v1
2026-09-29,T,24.4,phase2b.v1
2026-09-30,T,24.299999,phase2b.v1
2026-10-01,T,24.299999,phase2b.v1
2026-10-04,T,24.24,phase2b.v1
2026-10-05,T,24.43,phase2b.v1
2026-10-06,T,24.620001,phase2b.v1
2026-09-27,TFC,47.09,phase2b.v1
2026-09-28,TFC,46.439999,phase2b.v1
2026-09-29,TFC,46.299999,phase2b.v1
2026-09-30,TFC,46.279999,phase2b.v1
2026-10-01,TFC,46.450001,phase2b.v1
2026-10-04,TFC,46.330002,phase2b.v1
2026-10-05,TFC,46.25,phase2b.v1
2026-10-06,TFC,45.860001,phase2b.v1
2026-09-27,TJX,130.25,phase2b.v1
2026-09-28,TJX,133.800003,phase2b.v1
2026-09-29,TJX,132.309998,phase2b.v1
2026-09-30,TJX,133.589996,phase2b.v1
2026-10-01,TJX,132.679993,phase2b.v1
2026-10-04,TJX,134.410004,phase2b.v1
2026-10-05,TJX,137.029999,phase2b.v1
2026-09-27,TMO,678.599976,phase2b.v1
2026-09-28,TMO,679.609985,phase2b.v1
2026-09-29,TMO,675.049988,phase2b.v1
2026-09-30,TMO,652.51001,phase2b.v1
2026-10-01,TMO,654.799988,phase2b.v1
2026-10-04,TMO,676.76001,phase2b.v1
2026-10-05,TMO,656.580017,phase2b.v1
2026-10-06,TMO,663.471985,phase2b.v1
2026-09-27,TMUS,166.449997,phase2b.v1
2026-09-28,TMUS,162.979996,phase2b.v1
2026-09-29,TMUS,163.080002,phase2b.v1
2026-09-30,TMUS,161.729996,phase2b.v1
2026-10-01,TMUS,163.639999,phase2b.v1
2026-10-04,TMUS,164.639999,phase2b.v1
2026-10-05,TMUS,165.929993,phase2b.v1
2026-10-06,TMUS,167.070007,phase2b.v1
2026-09-27,TPR,113.449997,phase2b.v1
2026-09-28,TPR,114.120003,phase2b.v1
2026-09-29,TPR,115.040001,phase2b.v1
2026-09-30,TPR,119.239998,phase2b.v1
2026-10-01,TPR,118.120003,phase2b.v1
2026-10-04,TPR,116.949997,phase2b.v1
2026-10-05,TPR,116.75,phase2b.v1
2026-10-06,TPR,115.224998,phase2b.v1
2026-09-27,TRMB,57.509998,phase2b.v1
2026-09-28,TRMB,57.34,phase2b.v1
2026-09-29,TRMB,57.110001,phase2b.v1
2026-09-30,TRMB,57.529999,phase2b.v1
2026-10-01,TRMB,57.52,phase2b.v1
2026-10-04,TRMB,58.810001,phase2b.v1
2026-10-05,TRMB,60.950001,phase2b.v1
2026-10-06,TRMB,60.5,phase2b.v1
2026-09-27,TSCO,32.07,phase2b.v1
2026-09-28,TSCO,31.51,phase2b.v1
2026-09-29,TSCO,31.290001,phase2b.v1
2026-09-30,TSCO,31.73,phase2b.v1
2026-10-01,TSCO,31.09,phase2b.v1
2026-10-04,TSCO,31.42,phase2b.v1
2026-10-05,TSCO,32.290001,phase2b.v1
2026-10-06,TSCO,32.259998,phase2b.v1
2026-09-27,TSLA,357.450012,phase2b.v1
2026-09-28,TSLA,352.839996,phase2b.v1
2026-09-29,TSLA,354.809998,phase2b.v1
2026-09-30,TSLA,354.109985,phase2b.v1
2026-10-01,TSLA,370.589996,phase2b.v1
2026-10-04,TSLA,378.730011,phase2b.v1
2026-10-05,TSLA,380.679993,phase2b.v1
2026-10-06,TSLA,382.020111,phase2b.v1
2026-09-27,TSN,50.950001,phase2b.v1
2026-09-28,TSN,50.98,phase2b.v1
2026-09-29,TSN,50.529999,phase2b.v1
2026-09-30,TSN,50.470001,phase2b.v1
2026-10-01,TSN,51.889999,phase2b.v1
2026-10-04,TSN,51.709999,phase2b.v1
2026-10-05,TSN,51.970001,phase2b.v1
2026-10-06,TSN,51.790001,phase2b.v1
2026-09-27,TTWO,202.350006,phase2b.v1
2026-09-28,TTWO,202.779999,phase2b.v1
2026-09-29,TTWO,207.5,phase2b.v1
2026-09-30,TTWO,203.619995,phase2b.v1
2026-10-01,TTWO,202.729996,phase2b.v1
2026-10-04,TTWO,203.460007,phase2b.v1
2026-10-05,TTWO,202.529999,phase2b.v1
2026-10-06,TTWO,202.604996,phase2b.v1
2026-09-27,TXN,278.309998,phase2b.v1
2026-09-28,TXN,281.690002,phase2b.v1
2026-09-29,TXN,280.089996,phase2b.v1
2026-09-30,TXN,281.309998,phase2b.v1
2026-10-01,TXN,293.799988,phase2b.v1
2026-10-04,TXN,294.899994,phase2b.v1
2026-10-05,TXN,297.230011,phase2b.v1
2026-10-06,TXN,291.390015,phase2b.v1
2026-09-27,UAL,111.510002,phase2b.v1
2026-09-28,UAL,112.650002,phase2b.v1
2026-09-29,UAL,110.949997,phase2b.v1
2026-09-30,UAL,111.779999,phase2b.v1
2026-10-01,UAL,112.510002,phase2b.v1
2026-10-04,UAL,110.0,phase2b.v1
2026-10-05,UAL,111.870003,phase2b.v1
2026-10-06,UAL,109.519997,phase2b.v1
2026-09-27,UBER,68.160004,phase2b.v1
2026-09-28,UBER,69.360001,phase2b.v1
2026-09-29,UBER,68.510002,phase2b.v1
2026-09-30,UBER,67.879997,phase2b.v1
2026-10-01,UBER,68.110001,phase2b.v1
2026-10-04,UBER,69.480003,phase2b.v1
2026-10-05,UBER,69.080002,phase2b.v1
2026-10-06,UBER,69.139999,phase2b.v1
2026-09-27,UNH,377.829987,phase2b.v1
2026-09-28,UNH,374.940002,phase2b.v1
2026-09-29,UNH,367.079987,phase2b.v1
2026-09-30,UNH,365.200012,phase2b.v1
2026-10-01,UNH,371.899994,phase2b.v1
2026-10-04,UNH,378.579987,phase2b.v1
2026-10-05,UNH,376.320007,phase2b.v1
2026-10-06,UNH,377.459991,phase2b.v1
2026-09-27,UNP,274.100006,phase2b.v1
2026-09-28,UNP,274.149994,phase2b.v1
2026-09-29,UNP,272.130005,phase2b.v1
2026-09-30,UNP,272.420013,phase2b.v1
2026-10-01,UNP,278.279999,phase2b.v1
2026-10-04,UNP,277.059998,phase2b.v1
2026-10-05,UNP,276.609985,phase2b.v1
2026-10-06,UNP,277.174988,phase2b.v1
2026-09-27,UPS,94.25,phase2b.v1
2026-09-28,UPS,93.93,phase2b.v1
2026-09-29,UPS,93.440002,phase2b.v1
2026-09-30,UPS,93.889999,phase2b.v1
2026-10-01,UPS,93.019997,phase2b.v1
2026-10-04,UPS,93.139999,phase2b.v1
2026-10-05,UPS,93.110001,phase2b.v1
2026-10-06,UPS,92.934998,phase2b.v1
2026-09-27,USB,58.779999,phase2b.v1
2026-09-28,USB,58.139999,phase2b.v1
2026-09-29,USB,57.759998,phase2b.v1
2026-09-30,USB,57.360001,phase2b.v1
2026-10-01,USB,57.509998,phase2b.v1
2026-10-04,USB,57.27,phase2b.v1
2026-10-05,USB,57.290001,phase2b.v1
2026-10-06,USB,56.630001,phase2b.v1
2026-09-27,V,367.73999,phase2b.v1
2026-09-28,V,365.880005,phase2b.v1
2026-09-29,V,359.329987,phase2b.v1
2026-09-30,V,359.850006,phase2b.v1
2026-10-01,V,360.660004,phase2b.v1
2026-10-04,V,369.709991,phase2b.v1
2026-10-05,V,370.640015,phase2b.v1
2026-10-06,V,370.019989,phase2b.v1
2026-09-27,VICI,23.190001,phase2b.v1
2026-09-28,VICI,23.200001,phase2b.v1
2026-09-29,VICI,22.969999,phase2b.v1
2026-09-30,VICI,22.73,phase2b.v1
2026-10-01,VICI,22.65,phase2b.v1
2026-10-04,VICI,22.530001,phase2b.v1
2026-10-05,VICI,22.73,phase2b.v1
2026-10-06,VICI,22.645,phase2b.v1
2026-09-27,VMRK,61.369999,phase2b.v1
2026-09-28,VMRK,61.349998,phase2b.v1
2026-09-29,VMRK,60.759998,phase2b.v1
2026-09-30,VMRK,60.169998,phase2b.v1
2026-10-01,VMRK,59.790001,phase2b.v1
2026-10-04,VMRK,60.09,phase2b.v1
2026-10-05,VMRK,60.369999,phase2b.v1
2026-10-06,VMRK,60.535,phase2b.v1
2026-09-27,VRT,244.039993,phase2b.v1
2026-09-28,VRT,248.339996,phase2b.v1
2026-09-29,VRT,241.309998,phase2b.v1
2026-09-30,VRT,246.119995,phase2b.v1
2026-10-01,VRT,252.179993,phase2b.v1
2026-10-04,VRT,253.619995,phase2b.v1
2026-10-05,VRT,253.139999,phase2b.v1
2026-10-06,VRT,244.139999,phase2b.v1
2026-09-27,VST,138.020004,phase2b.v1
2026-09-28,VST,140.830002,phase2b.v1
2026-09-29,VST,138.350006,phase2b.v1
2026-09-30,VST,139.75,phase2b.v1
2026-10-01,VST,140.020004,phase2b.v1
2026-10-04,VST,144.889999,phase2b.v1
2026-10-05,VST,160.5,phase2b.v1
2026-10-06,VST,157.220001,phase2b.v1
2026-09-27,VTR,87.040001,phase2b.v1
2026-09-28,VTR,86.910004,phase2b.v1
2026-09-29,VTR,85.019997,phase2b.v1
2026-09-30,VTR,83.730003,phase2b.v1
2026-10-01,VTR,84.010002,phase2b.v1
2026-10-04,VTR,81.360001,phase2b.v1
2026-10-05,VTR,81.860001,phase2b.v1
2026-10-06,VTR,81.544998,phase2b.v1
2026-09-27,VTRS,18.27,phase2b.v1
2026-09-28,VTRS,18.120001,phase2b.v1
2026-09-29,VTRS,17.719999,phase2b.v1
2026-09-30,VTRS,17.459999,phase2b.v1
2026-10-01,VTRS,17.6,phase2b.v1
2026-10-04,VTRS,17.620001,phase2b.v1
2026-10-05,VTRS,17.540001,phase2b.v1
2026-10-06,VTRS,17.645,phase2b.v1
2026-09-27,VZ,46.68,phase2b.v1
2026-09-28,VZ,45.98,phase2b.v1
2026-09-29,VZ,45.869999,phase2b.v1
2026-09-30,VZ,45.98,phase2b.v1
2026-10-01,VZ,45.919998,phase2b.v1
2026-10-04,VZ,45.849998,phase2b.v1
2026-10-05,VZ,45.98,phase2b.v1
2026-10-06,VZ,46.112499,phase2b.v1
2026-09-27,WDC,453.230011,phase2b.v1
2026-09-28,WDC,453.480011,phase2b.v1
2026-09-29,WDC,454.459991,phase2b.v1
2026-09-30,WDC,462.559998,phase2b.v1
2026-10-01,WDC,415.290009,phase2b.v1
2026-10-04,WDC,441.640015,phase2b.v1
2026-10-05,WDC,411.040009,phase2b.v1
2026-10-06,WDC,402.790009,phase2b.v1
2026-09-27,WELL,232.960007,phase2b.v1
2026-09-28,WELL,232.899994,phase2b.v1
2026-09-29,WELL,230.240005,phase2b.v1
2026-09-30,WELL,226.940002,phase2b.v1
2026-10-01,WELL,227.710007,phase2b.v1
2026-10-04,WELL,224.160004,phase2b.v1
2026-10-05,WELL,225.779999,phase2b.v1
2026-10-06,WELL,225.445007,phase2b.v1
2026-09-27,WFC,80.809998,phase2b.v1
2026-09-28,WFC,80.480003,phase2b.v1
2026-09-29,WFC,80.050003,phase2b.v1
2026-09-30,WFC,80.25,phase2b.v1
2026-10-01,WFC,80.449997,phase2b.v1
2026-10-04,WFC,81.440002,phase2b.v1
2026-10-05,WFC,81.510002,phase2b.v1
2026-10-06,WFC,80.519997,phase2b.v1
2026-09-27,WM,206.440002,phase2b.v1
2026-09-28,WM,207.089996,phase2b.v1
2026-09-29,WM,203.919998,phase2b.v1
2026-09-30,WM,201.899994,phase2b.v1
2026-10-01,WM,204.449997,phase2b.v1
2026-10-04,WM,206.660004,phase2b.v1
2026-10-05,WM,207.880005,phase2b.v1
2026-10-06,WM,209.020004,phase2b.v1
2026-09-27,WMB,68.980003,phase2b.v1
2026-09-28,WMB,68.629997,phase2b.v1
2026-09-29,WMB,67.970001,phase2b.v1
2026-09-30,WMB,69.220001,phase2b.v1
2026-10-01,WMB,70.540001,phase2b.v1
2026-10-04,WMB,70.809998,phase2b.v1
2026-10-05,WMB,72.389999,phase2b.v1
2026-10-06,WMB,71.839996,phase2b.v1
2026-09-27,WMT,108.730003,phase2b.v1
2026-09-28,WMT,106.800003,phase2b.v1
2026-09-29,WMT,103.919998,phase2b.v1
2026-09-30,WMT,104.260002,phase2b.v1
2026-10-01,WMT,104.260002,phase2b.v1
2026-10-04,WMT,105.07,phase2b.v1
2026-10-05,WMT,107.199997,phase2b.v1
2026-10-06,WMT,107.609901,phase2b.v1
2026-09-27,WRB,67.660004,phase2b.v1
2026-09-28,WRB,68.220001,phase2b.v1
2026-09-29,WRB,67.540001,phase2b.v1
2026-09-30,WRB,68.900002,phase2b.v1
2026-10-01,WRB,68.980003,phase2b.v1
2026-10-04,WRB,69.769997,phase2b.v1
2026-10-05,WRB,69.650002,phase2b.v1
2026-10-06,WRB,69.68,phase2b.v1
2026-09-27,WY,19.719999,phase2b.v1
2026-09-28,WY,19.549999,phase2b.v1
2026-09-29,WY,19.049999,phase2b.v1
2026-09-30,WY,18.59,phase2b.v1
2026-10-01,WY,18.469999,phase2b.v1
2026-10-04,WY,18.49,phase2b.v1
2026-10-05,WY,18.6,phase2b.v1
2026-10-06,WY,18.67,phase2b.v1
2026-09-27,XEL,69.389999,phase2b.v1
2026-09-28,XEL,70.690002,phase2b.v1
2026-09-29,XEL,70.480003,phase2b.v1
2026-09-30,XEL,70.550003,phase2b.v1
2026-10-01,XEL,71.400002,phase2b.v1
2026-10-04,XEL,71.489998,phase2b.v1
2026-10-05,XEL,72.730003,phase2b.v1
2026-10-06,XEL,72.43,phase2b.v1
2026-09-27,XYL,100.910004,phase2b.v1
2026-09-28,XYL,100.93,phase2b.v1
2026-09-29,XYL,101.269997,phase2b.v1
2026-09-30,XYL,100.879997,phase2b.v1
2026-10-01,XYL,101.790001,phase2b.v1
2026-10-04,XYL,102.419998,phase2b.v1
2026-10-05,XYL,104.57,phase2b.v1
2026-10-06,XYL,103.288002,phase2b.v1
2026-09-27,XYZ,73.309998,phase2b.v1
2026-09-28,XYZ,74.050003,phase2b.v1
2026-09-29,XYZ,73.529999,phase2b.v1
2026-09-30,XYZ,74.040001,phase2b.v1
2026-10-01,XYZ,74.330002,phase2b.v1
2026-10-04,XYZ,76.230003,phase2b.v1
2026-10-05,XYZ,76.540001,phase2b.v1
2026-10-06,XYZ,75.654999,phase2b.v1
2026-09-27,YUM,138.279999,phase2b.v1
2026-09-28,YUM,137.729996,phase2b.v1
2026-09-29,YUM,136.339996,phase2b.v1
2026-09-30,YUM,136.690002,phase2b.v1
2026-10-01,YUM,136.119995,phase2b.v1
2026-10-04,YUM,136.970001,phase2b.v1
2026-10-05,YUM,139.839996,phase2b.v1
2026-10-06,YUM,140.434998,phase2b.v1
2026-09-27,ZTS,71.43,phase2b.v1
2026-09-28,ZTS,70.300003,phase2b.v1
2026-09-29,ZTS,69.830002,phase2b.v1
2026-09-30,ZTS,69.099998,phase2b.v1
2026-10-01,ZTS,69.690002,phase2b.v1
2026-10-04,ZTS,71.410004,phase2b.v1
2026-10-05,ZTS,71.330002,phase2b.v1
2026-10-06,ZTS,71.690002,phase2b.v1
