Scan_Date,Technical_Date,Ticker,Name,Sector,Price,RSI_14,Bias_Pct,MACD_Hist,MA20,MA50,MA20_Slope_5D,ATR_Pct,KDJ_J,Volume_Ratio_5D,Momentum_5D_Pct,Momentum_20D_Pct,Momentum_60D_Pct,Realized_Volatility_20D_Pct,Volume_Ratio_20D,ZScore_20D,Beta_60D_SPY,Stock_RS_20D_vs_SPY,Sector_RS_20D_Pct,VIX,Market_Regime,Fundamental_Score,Event_Score,Technical_Score_25,Risk_Liquidity_Score,Quant_Score,技术确认数,Gate_Status,schema_version
2026-10-07,2026-10-06,A,Agilent Technologies,Other,169.17,61.1,3.77,-0.1644,163.03,154.39,3.178,3.02,19.39,0.7300,-1.8208,16.8722,25.1276,31.6466,0.6605,0.6695,0.4958,14.6923,,15.11,NORMAL,0.0,8.0,5.0,14.0,27.0,1,TECH_FAIL,phase1.v1
2026-10-07,2026-10-06,AAPL,Apple Inc.,Technology,336.90,57.9,0.72,-0.8023,334.49,322.28,0.947,1.95,58.09,0.5700,1.1651,6.8371,6.9999,20.3986,0.5074,0.6205,0.1570,4.6572,5.03,15.11,NORMAL,33.0,8.0,10.0,20.0,71.0,2,EVENT_HARD_AVOID,phase1.v1
2026-10-07,2026-10-06,ABBV,AbbVie,Healthcare,271.70,66.2,3.12,0.3217,263.49,258.34,0.935,2.10,87.19,0.5600,3.8629,8.2838,10.9956,13.1059,0.6755,2.3140,-0.4230,6.1039,-0.48,15.11,NORMAL,23.0,8.0,23.0,15.0,69.0,4,SECTOR_RS_FAIL,phase1.v1
2026-10-07,2026-10-06,ABNB,Airbnb,Other,160.61,44.3,-1.02,0.3741,162.26,170.56,-2.601,3.13,85.76,0.3600,-0.0249,-5.3175,9.6015,37.0827,0.2987,-0.3444,1.0230,-7.4974,,15.11,NORMAL,0.0,8.0,5.0,14.0,27.0,1,TECH_FAIL,phase1.v1
2026-10-07,2026-10-06,ABT,Abbott Laboratories,Other,98.75,38.5,-2.33,-0.1816,101.11,106.48,-2.278,2.40,55.42,0.4900,-0.0809,-6.1579,11.0049,20.9073,0.5149,-1.2052,-0.4340,-8.3379,,15.11,NORMAL,23.0,8.0,15.0,18.0,64.0,3,PASS_PRE_AI,phase1.v1
2026-10-07,2026-10-05,ACGL,Arch Capital Group,Other,94.82,44.9,-0.66,-0.0036,95.45,97.84,-1.091,1.95,53.72,0.5900,-0.3154,-0.9299,-7.9953,16.8216,0.5190,-0.5067,-0.4270,-2.8967,,15.77,NORMAL,0.0,11.0,10.0,14.0,35.0,2,QUANT_FAIL,phase1.v1
2026-10-07,2026-10-06,ACN,Accenture,Other,198.06,57.8,5.60,1.1578,187.55,182.51,2.050,4.51,48.49,0.2400,8.0111,12.6621,47.1908,72.9764,0.4326,1.2091,-0.0090,10.4822,,15.11,NORMAL,30.0,8.0,20.0,18.0,76.0,4,PASS_PRE_AI,phase1.v1
2026-10-07,2026-10-06,ADBE,Adobe Inc.,Other,233.07,38.2,-4.33,-0.3523,243.62,258.45,-3.087,3.75,51.04,1.3600,-2.8611,-8.5478,5.5689,35.6718,0.9381,-1.2757,0.2307,-10.7277,,15.11,NORMAL,0.0,11.0,5.0,14.0,30.0,1,TECH_FAIL,phase1.v1
2026-10-07,2026-10-06,ADM,Archer Daniels Midland,Other,81.41,46.9,-1.98,-0.1864,83.05,81.76,-1.152,2.74,90.03,0.3900,2.5573,-5.9388,-1.0574,24.2463,0.3298,-0.6588,-0.0112,-8.1187,,15.11,NORMAL,0.0,11.0,10.0,14.0,35.0,2,QUANT_FAIL,phase1.v1
2026-10-07,2026-10-06,ADSK,Autodesk,Other,235.26,60.1,8.35,3.0720,217.12,233.71,-0.105,3.60,117.62,0.5600,12.5670,13.8636,14.2507,42.1629,0.5752,2.5685,0.1933,11.6837,,15.11,NORMAL,35.0,8.0,20.0,18.0,81.0,4,PASS_PRE_AI,phase1.v1
2026-10-07,2026-10-06,AEE,Ameren,Other,101.73,45.4,0.25,0.3274,101.48,105.34,-1.412,1.52,110.80,0.8800,2.3647,-4.2541,-9.9336,14.2142,1.0676,0.0121,0.1648,-6.4340,,15.11,NORMAL,19.0,8.0,15.0,18.0,60.0,3,PASS_PRE_AI,phase1.v1
2026-10-07,2026-10-06,AEP,American Electric Power,Other,122.55,55.7,1.87,0.5308,120.30,123.09,-0.808,1.64,108.57,0.4000,3.2957,-1.7005,-9.1819,13.8061,0.3847,1.1171,0.1946,-3.8804,,15.11,NORMAL,17.0,8.0,15.0,18.0,58.0,3,PASS_PRE_AI,phase1.v1
2026-10-07,2026-10-06,AIG,American International Group,Other,76.02,53.2,1.15,0.1740,75.15,76.33,-0.153,1.85,92.43,0.5200,2.1500,1.3195,-3.7722,18.7575,0.5845,1.1984,-0.1943,-0.8604,,15.11,NORMAL,18.0,8.0,15.0,18.0,59.0,3,PASS_PRE_AI,phase1.v1
2026-10-07,2026-10-06,AKAM,Akamai Technologies,Other,105.10,43.2,-3.62,-0.2603,109.04,111.50,0.202,5.61,1.15,0.6000,-1.1754,-5.1016,-16.6601,59.9674,0.4730,-0.9647,2.6712,-7.2815,,15.11,NORMAL,0.0,8.0,0.0,12.0,20.0,0,TECH_FAIL,phase1.v1
2026-10-07,2026-10-06,ALLE,Allegion,Other,147.27,35.0,-4.02,-0.2432,153.44,157.96,-0.354,2.65,40.27,1.6200,-4.2271,-2.9394,7.8822,23.3038,1.2633,-4.8687,0.1644,-5.1193,,15.11,NORMAL,0.0,8.0,5.0,14.0,27.0,1,TECH_FAIL,phase1.v1
2026-10-07,2026-10-06,AMAT,Applied Materials,Technology,519.56,59.6,8.52,8.4835,478.76,488.35,4.254,3.63,66.90,0.4200,1.6001,10.8164,-12.7812,48.8182,0.3810,1.0580,2.7085,8.6364,5.03,15.11,NORMAL,0.0,8.0,10.0,16.0,34.0,2,QUANT_FAIL,phase1.v1
2026-10-07,2026-10-06,AMCR,Amcor,Other,41.44,35.5,-1.89,0.0199,42.24,44.75,-1.916,2.16,25.42,0.5300,-0.9914,-3.9068,-3.1206,16.7173,0.4586,-1.8937,0.6124,-6.0867,,15.11,NORMAL,0.0,8.0,0.0,14.0,22.0,0,TECH_FAIL,phase1.v1
2026-10-07,2026-10-06,AMGN,Amgen,Healthcare,411.51,53.2,3.14,0.6363,398.98,410.92,-1.008,2.50,24.71,0.4600,-2.3724,5.1729,15.8367,28.3238,0.4171,0.8530,0.5120,2.9930,-0.48,15.11,NORMAL,0.0,11.0,10.0,11.0,32.0,2,QUANT_FAIL,phase1.v1
2026-10-07,2026-10-06,AMT,American Tower,Real Estate,167.73,46.1,-1.50,-0.5622,170.27,172.69,-1.722,2.23,72.22,0.5000,2.4650,-4.3921,-0.6545,22.1914,0.4772,-0.5117,0.0540,-6.5720,-7.61,15.11,NORMAL,0.0,8.0,5.0,11.0,24.0,1,TECH_FAIL,phase1.v1
2026-10-07,2026-10-06,ANET,Arista Networks,Other,216.01,67.3,6.58,0.9050,202.67,195.89,2.294,3.22,96.74,0.7400,6.1005,11.9629,18.3163,38.1170,0.7213,2.1310,2.0483,9.7830,,15.11,NORMAL,33.0,11.0,23.0,18.0,85.0,4,PASS_PRE_AI,phase1.v1
2026-10-07,2026-10-06,APO,Apollo Global Management,Other,115.21,31.9,-5.43,-0.6539,121.82,128.19,-3.500,3.20,33.87,0.4400,-0.7367,-12.0438,-3.9398,23.2231,0.5168,-1.3600,1.5816,-14.2237,,15.11,NORMAL,0.0,11.0,10.0,14.0,35.0,2,QUANT_FAIL,phase1.v1
2026-10-07,2026-10-06,APP,AppLovin,Other,279.48,35.9,-9.14,-2.4233,307.59,323.06,-2.850,5.37,21.87,0.3600,-3.7703,-8.3852,-37.7522,51.9560,0.4677,-1.5097,1.9672,-10.5651,,15.11,NORMAL,35.0,8.0,15.0,16.0,74.0,3,PASS_PRE_AI,phase1.v1
2026-10-07,2026-10-06,APTV,Aptiv,Other,44.03,45.0,-0.17,0.2949,44.11,46.86,-1.076,3.19,73.19,0.4000,2.3594,-1.0672,-24.1560,29.1155,0.3023,-0.1285,0.2617,-3.2471,,15.11,NORMAL,0.0,8.0,5.0,14.0,27.0,1,TECH_FAIL,phase1.v1
2026-10-07,2026-10-06,ARE,Alexandria Real Estate Equities,Other,45.38,32.0,-9.63,-0.6877,50.22,50.58,-2.673,3.83,-0.45,0.5900,-4.3721,-9.8431,-4.4526,39.6288,0.6377,-1.7363,0.0620,-12.0230,,15.11,NORMAL,0.0,8.0,10.0,14.0,32.0,2,QUANT_FAIL,phase1.v1
2026-10-07,2026-10-06,AVGO,Broadcom,Technology,373.35,57.2,5.13,3.5110,355.14,372.54,-0.067,2.93,94.92,0.4500,6.3100,2.4617,-4.0503,34.5249,0.4479,1.9916,1.8536,0.2818,5.03,15.11,NORMAL,35.0,8.0,20.0,20.0,83.0,4,EVENT_HARD_AVOID,phase1.v1
2026-10-07,2026-10-06,AWK,American Water Works,Other,127.04,32.1,-4.44,-0.6157,132.94,135.32,-2.234,2.04,17.05,0.5900,-1.8769,-9.4705,-3.4430,15.3177,0.6447,-1.4957,-0.2532,-11.6504,,15.11,NORMAL,0.0,11.0,10.0,14.0,35.0,2,QUANT_FAIL,phase1.v1
2026-10-07,2026-10-06,AXP,American Express,Other,303.35,34.7,-2.15,0.3848,310.03,325.73,-1.853,1.80,59.77,0.5200,-0.2475,-5.7341,-14.5644,19.6386,0.4951,-0.8996,0.9310,-7.9141,,15.11,NORMAL,0.0,8.0,10.0,14.0,32.0,2,QUANT_FAIL,phase1.v1
2026-10-07,2026-10-06,BA,Boeing,Industrials,188.40,36.6,-4.39,0.0047,197.05,210.89,-2.281,3.15,34.13,0.4300,1.2604,-8.7322,-13.2260,36.4461,0.5145,-1.2158,1.4555,-10.9121,-4.10,15.11,NORMAL,19.0,11.0,10.0,15.0,55.0,2,SECTOR_RS_FAIL,phase1.v1
2026-10-07,2026-10-06,BAC,Bank of America,Financials,53.32,23.0,-6.02,-0.2081,56.73,60.36,-3.773,2.03,22.08,0.5500,-2.0395,-14.9196,-12.0424,24.0079,0.5328,-1.3164,0.7413,-17.0995,-7.68,15.11,NORMAL,30.0,11.0,10.0,15.0,66.0,2,SECTOR_RS_FAIL,phase1.v1
2026-10-07,2026-10-06,BALL,Ball Corporation,Other,57.78,41.3,-1.27,0.0367,58.53,61.28,-2.093,2.13,97.28,0.6500,3.1233,-4.1632,-4.4327,19.0263,0.6878,-0.4682,0.0199,-6.3431,,15.11,NORMAL,0.0,11.0,10.0,14.0,35.0,2,QUANT_FAIL,phase1.v1
2026-10-07,2026-10-06,BAX,Baxter International,Other,24.08,49.4,1.90,0.1511,23.63,25.30,-1.369,2.93,84.80,0.3500,0.3333,-1.2710,10.4587,23.2691,0.3558,0.9814,1.0717,-3.4509,,15.11,NORMAL,0.0,7.0,10.0,14.0,31.0,2,QUANT_FAIL,phase1.v1
2026-10-07,2026-10-06,BBY,Best Buy,Other,84.50,38.4,-6.44,-0.9998,90.32,87.48,-0.534,3.36,0.97,0.9200,-4.2328,-4.0043,0.6251,31.2978,0.7947,-2.1003,0.3359,-6.1842,,15.11,NORMAL,0.0,11.0,5.0,14.0,30.0,1,TECH_FAIL,phase1.v1
2026-10-07,2026-10-05,BDX,Becton Dickinson,Other,180.30,49.1,-0.30,-0.5262,180.85,181.01,-0.857,2.27,37.04,1.2600,-0.9177,0.6700,17.2073,23.2737,1.1049,-0.1941,0.1875,-1.2968,,15.77,NORMAL,0.0,11.0,5.0,14.0,30.0,1,TECH_FAIL,phase1.v1
2026-10-07,2026-10-06,BEN,Franklin Resources,Other,32.44,42.4,-1.48,-0.0201,32.92,33.63,-1.051,2.39,60.28,0.5300,0.9807,-4.9384,-2.1273,17.5396,0.6042,-1.1365,1.3289,-7.1184,,15.11,NORMAL,0.0,8.0,10.0,14.0,32.0,2,QUANT_FAIL,phase1.v1
2026-10-07,2026-10-05,BF-B,Brown–Forman,Other,26.35,48.3,0.57,0.0629,26.20,27.25,-0.648,2.56,76.64,1.1600,0.2282,-0.1516,0.3810,20.0602,0.9094,0.7061,0.2239,-2.1183,,15.77,NORMAL,0.0,8.0,10.0,14.0,32.0,2,QUANT_FAIL,phase1.v1
2026-10-07,2026-10-06,BKNG,Booking Holdings,Consumer Discretionary,156.38,28.2,-5.10,0.3000,164.77,187.77,-4.357,3.62,22.38,0.5500,-4.0114,-9.8339,-10.5662,28.1247,0.4635,-1.4433,0.4816,-12.0138,-2.88,15.11,NORMAL,0.0,8.0,5.0,11.0,24.0,1,TECH_FAIL,phase1.v1
2026-10-07,2026-10-06,BKR,Baker Hughes,Other,55.49,38.0,-2.63,0.0370,57.00,60.50,-3.202,3.01,49.72,0.5800,1.0838,-12.7986,-3.9547,33.6258,0.4206,-1.0481,0.7121,-14.9785,,15.11,NORMAL,0.0,11.0,0.0,14.0,25.0,0,TECH_FAIL,phase1.v1
2026-10-07,2026-10-06,BMY,Bristol Myers Squibb,Other,59.72,35.7,-4.05,-0.3387,62.25,64.30,-2.425,2.41,15.19,0.5400,-4.2869,-7.2737,4.8727,21.4495,0.5539,-1.8489,0.4395,-9.4536,,15.11,NORMAL,29.0,8.0,10.0,18.0,65.0,2,PASS_PRE_AI,phase1.v1
2026-10-07,2026-10-05,BNY,BNY Mellon,Other,143.73,25.9,-5.16,-0.7828,151.56,156.84,-2.981,1.99,32.63,0.5400,-2.2112,-11.7409,-4.9845,16.3134,0.5744,-1.3679,0.7569,-13.7076,,15.77,NORMAL,0.0,8.0,10.0,14.0,32.0,2,QUANT_FAIL,phase1.v1
2026-10-07,2026-10-06,BRO,Brown & Brown,Other,61.70,39.6,-2.11,0.0949,63.04,68.09,-3.479,2.72,87.50,0.6600,1.3190,-7.2549,-9.9222,25.6179,0.6121,-0.5635,-0.4164,-9.4348,,15.11,NORMAL,0.0,7.0,10.0,14.0,31.0,2,QUANT_FAIL,phase1.v1
2026-10-07,2026-10-06,BSX,Boston Scientific,Other,41.72,32.4,-4.25,-0.0998,43.57,46.69,-2.344,3.04,-8.39,0.6800,-4.4215,-7.2064,-2.1346,28.8497,0.5389,-2.3948,0.3937,-9.3863,,15.11,NORMAL,0.0,3.0,0.0,14.0,17.0,0,TECH_FAIL,phase1.v1
2026-10-07,2026-10-06,C,Citigroup,Other,126.50,35.3,-4.29,-0.5776,132.18,133.65,-1.698,2.51,37.97,0.5600,-2.2977,-8.1967,-5.0762,20.8832,0.5313,-1.7858,1.4886,-10.3766,,15.11,NORMAL,0.0,8.0,5.0,14.0,27.0,1,TECH_FAIL,phase1.v1
2026-10-07,2026-10-06,CARR,Carrier Global,Other,55.14,41.1,-0.57,0.3072,55.45,58.80,-1.433,2.74,53.85,0.3900,0.5104,-4.8490,-20.9576,23.0185,0.3071,-0.4144,1.3991,-7.0289,,15.11,NORMAL,0.0,8.0,5.0,14.0,27.0,1,TECH_FAIL,phase1.v1
2026-10-07,2026-10-06,CAT,Caterpillar Inc.,Industrials,812.62,47.2,-0.28,4.3889,814.90,821.88,0.939,3.31,33.27,1.0200,0.2257,-0.3605,-12.9342,33.8826,0.9548,-0.1165,1.7789,-2.5404,-4.10,15.11,NORMAL,0.0,8.0,5.0,11.0,24.0,1,TECH_FAIL,phase1.v1
2026-10-07,2026-10-05,CBRE,CBRE Group,Other,130.66,37.3,-3.86,-0.5483,135.91,143.53,-2.745,3.03,25.92,1.2300,-0.1376,-8.1541,-5.3394,24.7345,1.2673,-1.1935,1.2357,-10.1208,,15.77,NORMAL,0.0,11.0,10.0,14.0,35.0,2,QUANT_FAIL,phase1.v1
2026-10-07,2026-10-06,CCI,Crown Castle,Other,69.40,43.5,-1.34,0.0306,70.34,73.51,-2.885,2.69,95.06,0.6000,4.1260,-7.6882,-12.2075,24.5151,0.5441,-0.3636,0.4007,-9.8681,,15.11,NORMAL,0.0,8.0,10.0,14.0,32.0,2,QUANT_FAIL,phase1.v1
2026-10-07,2026-10-06,CCL,Carnival Corporation,Other,26.33,64.6,12.59,0.5996,23.39,25.21,2.785,3.38,109.01,0.3600,7.3044,16.0022,-0.6321,54.9043,0.3614,2.0018,1.4698,13.8223,,15.11,NORMAL,25.0,8.0,10.0,18.0,61.0,2,PASS_PRE_AI,phase1.v1
2026-10-07,2026-10-06,CEG,Constellation Energy,Other,297.82,65.3,11.38,3.8806,267.39,272.71,-1.560,4.41,93.77,1.0000,17.2427,1.3321,16.1409,59.9888,1.6350,2.3389,1.1949,-0.8478,,15.11,NORMAL,25.0,11.0,15.0,18.0,69.0,3,PASS_PRE_AI,phase1.v1
2026-10-07,2026-10-06,CF,CF Industries,Other,115.00,36.4,-6.09,-0.8329,122.45,124.01,-4.159,3.70,57.55,0.5800,-0.1736,-16.7330,-3.5154,29.6614,0.5026,-0.9964,-1.2305,-18.9130,,15.11,NORMAL,0.0,8.0,5.0,14.0,27.0,1,TECH_FAIL,phase1.v1
2026-10-07,2026-10-06,CFG,Citizens Financial Group,Other,63.05,29.4,-4.60,-0.0947,66.09,69.33,-2.311,2.19,51.61,0.6300,-1.1135,-9.1106,-10.3385,23.0744,0.6970,-1.3645,0.9604,-11.2905,,15.11,NORMAL,0.0,4.0,5.0,14.0,23.0,1,TECH_FAIL,phase1.v1
2026-10-07,2026-10-06,CHRW,C.H. Robinson,Other,135.22,33.9,-9.66,-1.3506,149.67,148.96,-0.609,4.26,10.21,0.4800,-8.6104,-10.1230,-32.2579,49.0062,0.8201,-2.7608,-0.8269,-12.3029,,15.11,NORMAL,0.0,8.0,5.0,14.0,27.0,1,TECH_FAIL,phase1.v1
2026-10-07,2026-10-06,CIEN,Ciena,Other,446.67,70.2,22.73,12.0818,363.94,377.19,5.486,5.41,110.61,0.7600,26.9598,32.1509,-0.0582,72.8432,0.9200,3.2542,3.0076,29.9710,,15.11,NORMAL,33.0,8.0,20.0,16.0,77.0,4,PASS_PRE_AI,phase1.v1
2026-10-07,2026-10-06,CL,Colgate-Palmolive,Other,87.67,51.7,1.32,0.2773,86.53,89.35,-0.888,1.69,101.52,0.4000,2.7542,-0.4091,-3.6912,16.5224,0.3824,1.0302,0.0922,-2.5890,,15.11,NORMAL,19.0,8.0,15.0,18.0,60.0,3,PASS_PRE_AI,phase1.v1
2026-10-07,2026-10-06,CLX,Clorox,Other,82.94,38.9,-1.32,0.5263,84.05,94.73,-3.073,2.84,82.84,0.4700,2.3886,-7.4481,-12.4591,31.5241,0.4270,-0.4806,1.2625,-9.6280,,15.11,NORMAL,18.0,8.0,15.0,18.0,59.0,3,PASS_PRE_AI,phase1.v1
2026-10-07,2026-10-06,CMCSA,Comcast,Other,20.95,23.1,-7.58,-0.0743,22.67,24.59,-4.930,2.92,10.19,0.7100,-3.6994,-14.7824,-9.6378,22.7615,0.5665,-1.4400,0.4521,-16.9623,,15.11,NORMAL,0.0,4.0,0.0,14.0,18.0,0,TECH_FAIL,phase1.v1
2026-10-07,2026-10-06,CMS,CMS Energy,Other,65.22,47.2,0.83,0.3457,64.69,67.84,-1.550,1.57,118.23,0.4500,3.4004,-4.3201,-13.1260,14.1685,0.5521,0.2237,-0.0673,-6.5000,,15.11,NORMAL,15.0,11.0,15.0,18.0,59.0,3,PASS_PRE_AI,phase1.v1
2026-10-07,2026-10-06,CNC,Centene Corporation,Other,65.19,53.9,1.37,0.1876,64.31,64.76,-0.998,3.21,112.53,0.5400,4.9421,1.7640,-5.1368,33.0380,0.4646,0.4137,0.9029,-0.4159,,15.11,NORMAL,0.0,4.0,10.0,14.0,28.0,2,QUANT_FAIL,phase1.v1
2026-10-07,2026-10-06,CNP,CenterPoint Energy,Other,38.56,52.8,1.91,0.2389,37.84,39.33,-1.198,1.71,118.06,0.7900,4.7962,-3.0299,-11.8716,17.3974,0.8315,0.7370,0.0752,-5.2098,,15.11,NORMAL,27.0,11.0,15.0,18.0,71.0,3,PASS_PRE_AI,phase1.v1
2026-10-07,2026-10-06,COF,Capital One,Other,195.87,37.6,-1.99,-0.0160,199.85,210.38,-2.571,2.19,60.10,0.5400,1.4502,-7.1090,-4.5886,18.7659,0.5149,-0.8667,1.3033,-9.2889,,15.11,NORMAL,0.0,4.0,10.0,14.0,28.0,2,QUANT_FAIL,phase1.v1
2026-10-07,2026-10-06,COHR,Coherent Corp.,Other,334.90,59.4,10.09,5.1763,304.20,301.23,4.158,6.07,107.35,0.6100,16.3615,10.3532,7.7646,82.8350,0.6599,1.5866,3.8379,8.1733,,15.11,NORMAL,19.0,8.0,18.0,16.0,61.0,3,PASS_PRE_AI,phase1.v1
2026-10-07,2026-10-06,COIN,Coinbase,Financials,178.45,46.5,-4.35,-1.9945,186.57,174.01,0.505,6.11,-3.15,0.6500,-4.2728,2.1320,10.4923,76.8135,0.5454,-0.7278,2.6799,-0.0479,-7.68,15.11,NORMAL,0.0,11.0,5.0,9.0,25.0,1,TECH_FAIL,phase1.v1
2026-10-07,2026-10-06,COP,ConocoPhillips,Energy,130.23,52.4,-0.05,-0.1713,130.29,128.76,-1.399,2.44,94.19,0.4700,4.0591,-4.6144,16.4119,32.2235,0.3951,-0.0768,-0.8618,-6.7943,-4.39,15.11,NORMAL,0.0,11.0,5.0,11.0,27.0,1,TECH_FAIL,phase1.v1
2026-10-07,2026-10-06,COST,Costco,Consumer Staples,942.39,61.0,3.40,5.1133,911.36,932.10,0.301,1.62,101.68,0.5800,3.5207,4.4084,2.2392,16.7799,0.5000,2.6259,-0.0509,2.2285,-2.85,15.11,NORMAL,26.0,11.0,15.0,15.0,67.0,3,SECTOR_RS_FAIL,phase1.v1
2026-10-07,2026-10-06,CPRT,Copart,Other,26.63,30.4,-7.00,-0.1498,28.63,30.35,-4.737,3.15,18.37,0.5400,-2.3827,-16.8592,-3.2340,34.5280,0.4485,-1.3538,-0.1967,-19.0391,,15.11,NORMAL,0.0,8.0,5.0,14.0,27.0,1,TECH_FAIL,phase1.v1
2026-10-07,2026-10-06,CRM,Salesforce,Technology,225.76,44.8,-4.96,-2.8333,237.53,223.30,-2.503,3.77,26.49,0.3100,-1.6596,-7.5360,34.7338,33.3414,0.2336,-1.3257,0.5992,-9.7160,5.03,15.11,NORMAL,0.0,8.0,5.0,16.0,29.0,1,TECH_FAIL,phase1.v1
2026-10-07,2026-10-06,CSCO,Cisco,Other,117.90,67.8,7.38,1.3323,109.81,112.18,1.094,2.29,115.08,0.4400,9.5466,7.7447,0.6960,34.3914,0.4065,2.9386,0.9988,5.5648,,15.11,NORMAL,34.0,11.0,15.0,18.0,78.0,3,PASS_PRE_AI,phase1.v1
2026-10-07,2026-10-06,CSGP,CoStar Group,Other,27.74,40.0,-3.23,-0.0166,28.66,30.20,-2.656,3.67,67.57,0.4200,1.2365,-6.2245,0.2124,31.8632,0.3321,-0.7226,0.7651,-8.4044,,15.11,NORMAL,0.0,8.0,5.0,14.0,27.0,1,TECH_FAIL,phase1.v1
2026-10-07,2026-10-06,CTSH,Cognizant,Other,57.30,44.7,-3.22,-0.2966,59.21,59.48,-1.365,3.92,18.65,0.3300,-0.2437,-1.5464,33.1629,43.4515,0.3947,-0.9035,-0.4045,-3.7263,,15.11,NORMAL,0.0,8.0,10.0,14.0,32.0,2,QUANT_FAIL,phase1.v1
2026-10-07,2026-10-06,CTVA,Corteva,Other,14.45,9.4,-77.30,-7.6601,63.69,74.36,-22.597,36.93,-0.61,0.3000,-81.3844,-82.9440,-82.9761,303.7451,1.0333,-1.8808,-0.8572,-85.1239,,15.11,NORMAL,3.0,11.0,10.0,13.0,37.0,2,QUANT_FAIL,phase1.v1
2026-10-07,2026-10-06,CVNA,Carvana,Other,63.19,41.9,-3.05,-0.0168,65.18,68.75,-3.886,4.86,76.24,0.4400,1.0393,-13.9218,-10.2160,46.3562,0.4342,-0.7928,1.6634,-16.1017,,15.11,NORMAL,32.0,8.0,10.0,18.0,68.0,2,PASS_PRE_AI,phase1.v1
2026-10-07,2026-10-06,CVS,CVS Health,Other,88.67,45.8,-0.37,0.2567,89.00,93.66,-2.671,2.47,75.06,0.5300,3.4776,-7.0350,-16.4909,27.5942,0.5927,-0.1760,0.2695,-9.2149,,15.11,NORMAL,21.0,11.0,20.0,18.0,70.0,4,PASS_PRE_AI,phase1.v1
2026-10-07,2026-10-06,CVX,Chevron Corporation,Energy,206.13,50.3,-0.90,-0.4764,208.00,203.50,-0.510,2.05,73.07,0.6000,0.9427,-3.5896,13.4105,20.7212,0.3819,-0.5316,-0.7662,-5.7696,-4.39,15.11,NORMAL,0.0,8.0,5.0,11.0,24.0,1,TECH_FAIL,phase1.v1
2026-10-07,2026-10-06,D,Dominion Energy,Other,61.38,38.4,-1.36,0.1743,62.23,65.39,-1.856,1.76,98.68,0.5400,1.4210,-5.7143,-13.9130,14.8642,0.4756,-0.5989,0.1351,-7.8942,,15.11,NORMAL,0.0,8.0,10.0,14.0,32.0,2,QUANT_FAIL,phase1.v1
2026-10-07,2026-10-06,DAL,Delta Air Lines,Other,82.85,50.6,1.05,0.2502,81.99,83.85,1.425,2.86,21.18,0.5100,-0.7309,5.2063,-3.1108,25.8123,0.5024,0.4376,1.6976,3.0264,,15.11,NORMAL,27.0,8.0,15.0,18.0,68.0,3,PASS_PRE_AI,phase1.v1
2026-10-07,2026-10-05,DASH,DoorDash,Other,193.62,47.5,0.63,0.5268,192.41,206.39,-3.651,3.90,105.91,0.6800,3.4848,-3.4025,2.1364,42.3338,0.6762,0.1268,1.2274,-5.3693,,15.77,NORMAL,0.0,11.0,5.0,14.0,30.0,1,TECH_FAIL,phase1.v1
2026-10-07,2026-10-05,DG,Dollar General,Other,123.27,50.8,0.39,-0.2922,122.80,124.33,-2.162,3.06,56.19,1.2400,0.5137,-3.5974,-0.1377,30.9949,1.0822,0.0880,0.4205,-5.5642,,15.77,NORMAL,0.0,11.0,5.0,14.0,30.0,1,TECH_FAIL,phase1.v1
2026-10-07,2026-10-06,DHI,D. R. Horton,Other,133.50,39.5,-3.48,-0.3166,138.31,143.31,-1.119,3.01,15.28,0.5800,-2.3052,-3.9084,-10.9941,28.3032,0.7051,-2.0737,1.2264,-6.0884,,15.11,NORMAL,0.0,8.0,5.0,14.0,27.0,1,TECH_FAIL,phase1.v1
2026-10-07,2026-10-06,DHR,Danaher Corporation,Other,217.65,53.1,1.05,-0.6472,215.40,210.14,0.975,3.02,21.80,0.5900,-1.7581,6.2509,9.3469,31.3176,0.5632,0.3399,-0.2237,4.0710,,15.11,NORMAL,24.0,11.0,15.0,18.0,68.0,3,PASS_PRE_AI,phase1.v1
2026-10-07,2026-10-06,DIS,Walt Disney Company (The),Communication,104.66,50.2,-0.20,-0.1677,104.87,104.74,-0.657,2.00,62.78,0.5900,-0.2288,0.4607,9.1687,23.6077,0.5544,-0.1041,0.2566,-1.7192,-1.33,15.11,NORMAL,0.0,11.0,5.0,11.0,27.0,1,TECH_FAIL,phase1.v1
2026-10-07,2026-10-05,DLTR,Dollar Tree,Other,116.19,47.0,1.33,0.4795,114.67,123.73,-3.376,3.41,63.67,1.2800,2.5507,-6.3286,-8.0630,33.7785,0.9600,0.3617,0.5105,-8.2954,,15.77,NORMAL,0.0,8.0,10.0,14.0,32.0,2,QUANT_FAIL,phase1.v1
2026-10-07,2026-10-06,DOC,Healthpeak Properties,Other,18.78,26.0,-6.20,-0.1369,20.03,20.70,-1.972,2.15,-3.15,0.4500,-5.9339,-7.8715,-13.2733,19.1316,0.4903,-2.5692,0.1678,-10.0514,,15.11,NORMAL,0.0,8.0,5.0,14.0,27.0,1,TECH_FAIL,phase1.v1
2026-10-07,2026-10-06,DOW,Dow Inc.,Other,27.92,40.9,-2.12,0.0327,28.53,29.76,-1.705,3.18,77.94,0.5400,1.3980,-5.0170,-7.8687,24.0948,0.5307,-0.8775,-0.9626,-7.1969,,15.11,NORMAL,0.0,8.0,5.0,14.0,27.0,1,TECH_FAIL,phase1.v1
2026-10-07,2026-10-06,DUK,Duke Energy,Utilities,115.74,43.7,-0.14,0.2908,115.90,120.00,-1.309,1.33,106.13,0.5000,1.5174,-3.8944,-8.4118,11.7342,0.5216,-0.1612,-0.1237,-6.0743,-5.48,15.11,NORMAL,21.0,11.0,15.0,15.0,62.0,3,SECTOR_RS_FAIL,phase1.v1
2026-10-07,2026-10-06,DVN,Devon Energy,Other,47.93,51.4,-0.52,-0.0723,48.19,47.19,-0.466,3.00,79.34,0.4300,4.1123,-2.1370,10.4454,33.9501,0.2852,-0.2231,-0.8935,-4.3169,,15.11,NORMAL,0.0,8.0,5.0,14.0,27.0,1,TECH_FAIL,phase1.v1
2026-10-07,2026-10-06,DXCM,Dexcom,Other,84.37,42.9,-2.44,-0.4487,86.48,87.07,-0.544,2.72,19.75,0.4700,-2.2251,0.5842,13.8289,24.0094,0.3572,-1.1116,0.4343,-1.5957,,15.11,NORMAL,0.0,7.0,5.0,14.0,26.0,1,TECH_FAIL,phase1.v1
2026-10-07,2026-10-06,EBAY,eBay Inc.,Other,107.81,51.9,-0.13,-0.0985,107.95,106.96,0.476,2.83,67.26,0.3800,1.6549,4.1494,-4.2074,23.5859,0.2374,0.0320,-0.1009,1.9694,,15.11,NORMAL,32.0,8.0,13.0,18.0,71.0,2,PASS_PRE_AI,phase1.v1
2026-10-07,2026-10-06,ECHO,EchoStar,Other,97.69,60.9,4.88,0.7426,93.15,90.22,1.492,3.29,100.87,0.4800,9.2607,6.9755,3.3757,36.7779,0.6117,1.6208,2.0118,4.7956,,15.11,NORMAL,3.0,8.0,23.0,18.0,52.0,4,QUANT_FAIL,phase1.v1
2026-10-07,2026-10-06,ED,Consolidated Edison,Other,104.88,49.4,0.51,0.2640,104.34,106.60,-0.912,1.53,103.70,0.3700,2.6123,-2.4281,-6.3237,14.3734,0.5120,0.2465,-0.2792,-4.6080,,15.11,NORMAL,27.0,8.0,15.0,18.0,68.0,3,PASS_PRE_AI,phase1.v1
2026-10-07,2026-10-06,EIX,Edison International,Other,54.36,39.5,0.01,0.7059,54.35,62.86,-1.315,3.53,108.74,0.4900,1.1725,-5.3621,-29.0154,24.5169,0.5303,-0.1004,-0.1566,-7.5420,,15.11,NORMAL,28.0,8.0,15.0,18.0,69.0,3,PASS_PRE_AI,phase1.v1
2026-10-07,2026-10-06,EL,Estée Lauder Companies (The),Other,95.15,50.4,0.00,-0.3917,95.15,94.43,-2.178,3.22,76.80,0.4300,2.5655,-3.6651,17.6725,32.4905,0.4245,-0.0697,1.1627,-5.8450,,15.11,NORMAL,0.0,8.0,10.0,14.0,32.0,2,QUANT_FAIL,phase1.v1
2026-10-07,2026-10-06,EOG,EOG Resources,Other,144.55,52.6,0.69,0.2570,143.57,144.47,-0.584,2.46,97.58,0.4300,4.9325,-1.6700,4.7424,30.7576,0.3998,0.2261,-0.8776,-3.8499,,15.11,NORMAL,0.0,8.0,5.0,14.0,27.0,1,TECH_FAIL,phase1.v1
2026-10-07,2026-10-06,EQT,EQT Corporation,Other,52.31,53.5,2.13,0.2457,51.21,52.80,-1.927,2.66,111.81,0.4000,7.7121,-4.2559,5.0090,30.1453,0.3773,0.5304,0.0740,-6.4358,,15.11,NORMAL,18.0,17.0,10.0,18.0,63.0,2,PASS_PRE_AI,phase1.v1
2026-10-07,2026-10-06,ES,Eversource Energy,Other,65.42,40.6,-0.79,0.1845,65.94,69.37,-2.276,1.79,109.81,0.4300,1.9638,-7.1266,-12.3526,18.0072,0.4429,-0.3511,0.0912,-9.3066,,15.11,NORMAL,0.0,11.0,10.0,14.0,35.0,2,QUANT_FAIL,phase1.v1
2026-10-07,2026-10-06,ETN,Eaton Corporation,Other,430.90,52.0,1.09,0.6422,426.26,424.32,1.740,3.29,31.89,0.7000,0.2781,3.7775,3.7026,42.3795,0.5819,0.3246,2.0580,1.5976,,15.11,NORMAL,0.0,8.0,5.0,14.0,27.0,1,TECH_FAIL,phase1.v1
2026-10-07,2026-10-05,ETR,Entergy,Other,103.25,52.5,1.54,0.4196,101.68,105.07,-1.583,1.94,113.34,0.8800,3.4984,-4.8650,-10.0923,17.9586,0.9240,0.4392,0.4831,-6.8318,,15.77,NORMAL,16.0,8.0,15.0,18.0,57.0,3,PASS_PRE_AI,phase1.v1
2026-10-07,2026-10-06,EXC,Exelon,Other,41.63,45.3,0.28,0.1753,41.52,43.53,-1.711,1.70,112.57,0.2900,3.0569,-4.7254,-11.2639,16.0244,0.3842,0.0131,0.0405,-6.9053,,15.11,NORMAL,20.0,8.0,15.0,18.0,61.0,3,PASS_PRE_AI,phase1.v1
2026-10-07,2026-10-06,EXE,Expand Energy,Other,87.95,44.6,-0.55,0.2065,88.44,92.87,-3.122,2.58,102.03,0.4400,4.5903,-8.9733,0.1594,28.6832,0.3448,-0.2290,-0.1748,-11.1532,,15.11,NORMAL,0.0,11.0,5.0,14.0,30.0,1,TECH_FAIL,phase1.v1
2026-10-07,2026-10-06,F,Ford Motor Company,Other,12.10,33.7,-6.02,-0.0468,12.88,13.64,-3.636,2.89,29.15,0.5000,0.3516,-10.0193,-13.1822,27.0759,0.4541,-1.2967,0.5126,-12.1992,,15.11,NORMAL,0.0,8.0,5.0,14.0,27.0,1,TECH_FAIL,phase1.v1
2026-10-07,2026-10-06,FANG,Diamondback Energy,Other,183.30,37.3,-4.09,-0.4310,191.11,196.87,-2.182,2.78,24.05,0.5300,-0.2775,-9.5396,-3.8754,35.3678,0.3608,-0.9601,-0.8788,-11.7195,,15.11,NORMAL,0.0,11.0,5.0,14.0,30.0,1,TECH_FAIL,phase1.v1
2026-10-07,2026-10-06,FAST,Fastenal,Other,50.17,51.5,0.46,0.0457,49.95,50.06,0.779,1.91,55.38,0.4300,1.3022,2.8387,9.6961,13.6186,0.4254,0.4137,0.4374,0.6588,,15.11,NORMAL,0.0,8.0,5.0,14.0,27.0,1,TECH_FAIL,phase1.v1
2026-10-07,2026-10-06,FCX,Freeport-McMoRan,Materials,72.04,51.3,0.95,-0.0369,71.37,71.14,-0.940,3.71,71.40,0.4900,2.9214,-5.4900,16.2954,35.0761,0.5552,0.2660,1.7462,-7.6699,-6.21,15.11,NORMAL,24.0,8.0,10.0,15.0,57.0,2,SECTOR_RS_FAIL,phase1.v1
2026-10-07,2026-10-06,FE,FirstEnergy,Other,44.62,48.2,0.37,0.1246,44.45,46.02,-1.498,1.58,113.59,0.7200,2.9656,-3.4516,-9.3744,14.8551,0.8679,0.0738,0.1301,-5.6315,,15.11,NORMAL,22.0,8.0,15.0,18.0,63.0,3,PASS_PRE_AI,phase1.v1
2026-10-07,2026-10-06,FIS,Fidelity National Information Services,Other,34.06,37.4,-3.15,0.0618,35.17,39.34,-4.987,3.16,61.22,0.6400,3.5410,-10.5201,-16.0547,26.7995,0.6601,-0.6679,0.1463,-12.7000,,15.11,NORMAL,29.0,8.0,10.0,18.0,65.0,2,PASS_PRE_AI,phase1.v1
2026-10-07,2026-10-06,FISV,Fiserv,Other,45.55,38.5,-3.28,0.0373,47.10,50.57,-3.118,3.37,72.16,0.5400,0.8189,-6.3720,-8.0541,33.2324,0.4423,-0.8009,0.6647,-8.5520,,15.11,NORMAL,0.0,8.0,5.0,14.0,27.0,1,TECH_FAIL,phase1.v1
2026-10-07,2026-10-06,FITB,Fifth Third Bancorp,Other,50.15,31.9,-3.96,-0.0709,52.22,54.45,-1.852,2.04,48.11,0.8600,-0.8403,-7.4460,-12.0859,20.8785,0.9490,-1.5252,0.9044,-9.6259,,15.11,NORMAL,0.0,8.0,5.0,14.0,27.0,1,TECH_FAIL,phase1.v1
2026-10-07,2026-10-06,FLEX,Flex Ltd.,Other,119.59,57.9,6.07,1.2589,112.75,114.30,1.658,4.42,97.21,0.7000,8.7281,6.1324,-9.5659,49.0630,0.5668,1.9838,3.2038,3.9525,,15.11,NORMAL,31.0,11.0,15.0,18.0,75.0,3,PASS_PRE_AI,phase1.v1
2026-10-07,2026-10-06,FOXA,Fox Corporation (Class A),Other,63.15,46.7,-1.57,-0.1921,64.15,64.70,-1.355,2.81,86.83,0.5200,0.7901,-1.1196,15.0811,26.2361,0.4875,-0.5649,0.1924,-3.2996,,15.11,NORMAL,0.0,8.0,5.0,14.0,27.0,1,TECH_FAIL,phase1.v1
2026-10-07,2026-10-06,FSLR,First Solar,Other,179.51,40.8,-4.60,0.1458,188.17,206.00,-3.799,4.45,83.97,0.5800,2.4834,-11.6150,-18.6191,55.7299,0.4608,-0.7108,2.5181,-13.7949,,15.11,NORMAL,0.0,11.0,10.0,14.0,35.0,2,QUANT_FAIL,phase1.v1
2026-10-07,2026-10-06,FTNT,Fortinet,Technology,189.47,69.2,8.03,1.2357,175.38,165.85,4.240,3.28,95.27,0.5400,5.9913,20.5127,13.5707,40.4006,0.4508,1.8147,0.7617,18.3327,5.03,15.11,NORMAL,33.0,8.0,18.0,20.0,79.0,3,EVENT_HARD_AVOID,phase1.v1
2026-10-07,2026-10-05,FTV,Fortive,Other,57.89,56.6,3.80,0.4322,55.77,58.21,-0.092,1.92,99.05,1.0200,4.4757,2.4420,-7.0936,22.4991,1.1062,2.6667,0.8272,0.4753,,15.77,NORMAL,20.0,8.0,20.0,18.0,66.0,4,PASS_PRE_AI,phase1.v1
2026-10-07,2026-10-06,GE,GE Aerospace,Industrials,303.59,32.7,-3.74,-0.1060,315.38,338.53,-1.854,2.62,-4.85,0.5100,-2.7859,-6.7083,-14.1747,23.1849,0.4627,-2.1289,0.9026,-8.8882,-4.10,15.11,NORMAL,0.0,11.0,5.0,11.0,27.0,1,TECH_FAIL,phase1.v1
2026-10-07,2026-10-06,GEHC,GE HealthCare,Other,64.85,42.4,-0.31,0.0881,65.05,68.91,-1.324,2.40,33.21,0.5200,-0.7955,-0.4910,5.1735,19.1071,0.4732,-0.2023,-0.2145,-2.6709,,15.11,NORMAL,0.0,6.0,5.0,14.0,25.0,1,TECH_FAIL,phase1.v1
2026-10-07,2026-10-06,GEN,Gen Digital,Other,22.42,32.7,-13.05,-0.2902,25.78,27.74,-7.278,5.15,75.11,0.7700,1.7938,-24.6808,-15.6379,63.0250,0.7640,-0.9158,0.7860,-26.8607,,15.11,NORMAL,0.0,8.0,5.0,12.0,25.0,1,TECH_FAIL,phase1.v1
2026-10-07,2026-10-06,GILD,Gilead Sciences,Healthcare,146.82,49.6,-0.98,-0.9729,148.28,144.03,-0.543,2.35,21.88,0.4700,-1.4928,0.8067,12.9076,18.6094,0.4020,-0.4689,0.3372,-1.3732,-0.48,15.11,NORMAL,0.0,8.0,5.0,11.0,24.0,1,TECH_FAIL,phase1.v1
2026-10-07,2026-10-06,GIS,General Mills,Other,31.98,29.4,-7.16,-0.2446,34.44,36.90,-4.623,3.25,22.62,0.4400,-0.5597,-13.7773,-12.2874,28.6931,0.5294,-1.4174,-0.0918,-15.9572,,15.11,NORMAL,10.0,8.0,10.0,18.0,46.0,2,QUANT_FAIL,phase1.v1
2026-10-07,2026-10-06,GLW,Corning Inc.,Other,163.78,54.7,4.87,1.4048,156.18,154.47,1.228,4.97,80.00,0.5100,6.5167,-2.7781,-12.7158,71.0394,0.4756,0.9316,2.8335,-4.9580,,15.11,NORMAL,33.0,11.0,13.0,18.0,75.0,2,PASS_PRE_AI,phase1.v1
2026-10-07,2026-10-06,GM,General Motors,Other,80.84,46.0,-2.04,-0.0957,82.53,85.08,-1.711,3.04,77.50,0.5100,4.9870,-3.4862,5.1646,40.7391,0.5063,-0.6441,0.8974,-5.6661,,15.11,NORMAL,14.0,8.0,10.0,18.0,50.0,2,QUANT_FAIL,phase1.v1
2026-10-07,2026-10-06,GOOG,Alphabet Inc. (Class C),Communication,345.80,54.6,1.40,0.7189,341.02,342.89,0.554,2.35,83.80,0.4300,1.4850,5.3048,-3.2267,23.5136,0.4224,1.0166,1.4166,3.1249,-1.33,15.11,NORMAL,34.0,8.0,15.0,15.0,72.0,3,EVENT_HARD_AVOID,phase1.v1
2026-10-07,2026-10-06,GOOGL,Alphabet Inc. (Class A),Communication,348.86,54.4,1.29,0.6077,344.40,345.63,0.550,2.38,83.45,0.4700,1.3878,5.5058,-2.9638,24.1220,0.4793,0.8955,1.4646,3.3259,-1.33,15.11,NORMAL,34.0,8.0,20.0,15.0,77.0,4,EVENT_HARD_AVOID,phase1.v1
2026-10-07,2026-10-06,GS,Goldman Sachs,Financials,884.85,29.5,-5.65,-2.5430,937.86,994.44,-3.456,2.62,28.13,0.8600,-1.7221,-13.9899,-22.3811,25.0965,0.7728,-1.3776,1.9945,-16.1698,-7.68,15.11,NORMAL,0.0,11.0,10.0,11.0,32.0,2,QUANT_FAIL,phase1.v1
2026-10-07,2026-10-06,HAL,Halliburton,Other,31.82,36.6,-4.51,-0.0898,33.32,33.99,-3.599,3.00,56.06,0.5700,0.0472,-14.3146,-10.1779,25.5762,0.5311,-1.0951,0.0043,-16.4945,,15.11,NORMAL,0.0,8.0,5.0,14.0,27.0,1,TECH_FAIL,phase1.v1
2026-10-07,2026-10-06,HBAN,Huntington Bancshares,Other,15.15,31.9,-3.74,0.0041,15.74,16.63,-2.497,2.19,52.07,0.7300,-0.6881,-8.8695,-15.0980,25.7460,0.5950,-1.0965,1.2360,-11.0494,,15.11,NORMAL,0.0,11.0,5.0,14.0,30.0,1,TECH_FAIL,phase1.v1
2026-10-07,2026-10-06,HD,Home Depot (The),Consumer Discretionary,285.12,32.4,-3.37,0.1405,295.05,319.37,-2.696,2.18,46.90,0.5600,0.2232,-8.1575,-15.5785,20.6430,0.5861,-1.1248,0.8361,-10.3374,-2.88,15.11,NORMAL,22.0,8.0,10.0,15.0,55.0,2,SECTOR_RS_FAIL,phase1.v1
2026-10-07,2026-10-06,HON,Honeywell Technologies,Industrials,208.30,41.5,-0.36,0.9078,209.05,219.52,0.641,2.07,11.72,0.5100,-1.2515,1.6445,-6.4577,17.2088,0.3813,-0.1327,0.3809,-0.5354,-4.10,15.11,NORMAL,0.0,14.0,5.0,11.0,30.0,1,TECH_FAIL,phase1.v1
2026-10-07,2026-10-06,HONA,Honeywell Aerospace,Other,152.75,44.5,-4.04,0.2274,159.19,166.12,-0.030,3.87,23.65,0.6100,-1.4325,0.7719,-26.3891,38.9663,0.3555,-1.1941,-0.5114,-1.4080,,15.11,NORMAL,0.0,7.0,0.0,14.0,21.0,0,TECH_FAIL,phase1.v1
2026-10-07,2026-10-06,HOOD,Robinhood Markets,Other,109.27,45.5,-4.97,-1.4453,114.98,106.44,-1.168,5.32,-1.79,0.6400,-2.8711,-5.2134,-3.6844,51.6138,0.7065,-1.1757,3.3231,-7.3933,,15.11,NORMAL,31.0,8.0,10.0,16.0,65.0,2,PASS_PRE_AI,phase1.v1
2026-10-07,2026-10-06,HPE,Hewlett Packard Enterprise,Other,72.81,72.3,16.30,0.8737,62.61,57.13,6.133,4.94,101.48,0.8200,13.9674,23.6227,46.9205,77.5596,0.8168,2.5452,2.6168,21.4428,,15.11,NORMAL,31.0,8.0,23.0,18.0,80.0,4,PASS_PRE_AI,phase1.v1
2026-10-07,2026-10-06,HPQ,HP Inc.,Other,32.49,54.5,-0.12,-0.1679,32.53,30.88,-0.024,4.04,85.53,0.6100,3.8843,0.3242,31.9326,51.1546,0.4549,-0.0262,0.7565,-1.8557,,15.11,NORMAL,0.0,8.0,5.0,14.0,27.0,1,TECH_FAIL,phase1.v1
2026-10-07,2026-10-06,HRL,Hormel Foods,Other,19.63,29.0,-3.15,0.0950,20.27,22.33,-1.852,2.36,37.90,0.6200,-1.5547,-6.3901,-20.8787,16.3910,0.7406,-1.5959,-0.4028,-8.5700,,15.11,NORMAL,12.0,8.0,10.0,18.0,48.0,2,QUANT_FAIL,phase1.v1
2026-10-07,2026-10-06,HST,Host Hotels & Resorts,Other,22.42,49.7,0.64,0.0661,22.28,22.78,0.486,1.88,43.42,0.2700,0.1563,1.7468,-4.0847,13.5441,0.3059,0.6612,0.3266,-0.4331,,15.11,NORMAL,26.0,8.0,15.0,18.0,67.0,3,PASS_PRE_AI,phase1.v1
2026-10-07,2026-10-06,HUM,Humana,Other,397.83,54.7,1.94,1.5808,390.28,386.31,-0.484,3.50,76.14,1.0300,4.2613,-0.5475,-2.1978,33.2916,1.1616,0.6563,0.8738,-2.7274,,15.11,NORMAL,26.0,7.0,18.0,18.0,69.0,3,PASS_PRE_AI,phase1.v1
2026-10-07,2026-10-06,HWM,Howmet Aerospace,Other,222.39,36.3,-2.56,1.4890,228.23,254.59,-2.011,3.14,25.62,0.5200,-1.6757,-4.3977,-19.6510,24.7338,0.4268,-2.7514,0.9752,-6.5776,,15.11,NORMAL,0.0,8.0,0.0,14.0,22.0,0,TECH_FAIL,phase1.v1
2026-10-07,2026-10-06,IBKR,Interactive Brokers,Other,87.50,45.1,-1.78,0.0237,89.09,90.49,-0.818,3.27,66.26,0.5600,2.4409,-3.0738,-8.4772,30.8131,0.6053,-0.7972,2.1593,-5.2537,,15.11,NORMAL,0.0,8.0,5.0,14.0,27.0,1,TECH_FAIL,phase1.v1
2026-10-07,2026-10-06,IBM,IBM,Other,221.32,40.3,-3.80,-0.7908,230.06,231.99,-1.306,2.77,18.59,0.3800,0.6298,-7.7624,1.9556,31.9632,0.3955,-1.0414,0.7759,-9.9423,,15.11,NORMAL,0.0,8.0,10.0,14.0,32.0,2,QUANT_FAIL,phase1.v1
2026-10-07,2026-10-05,ICE,Intercontinental Exchange,Other,153.49,47.9,-0.57,-0.4241,154.38,155.54,-1.335,2.21,52.03,0.8700,0.8542,-2.7066,11.4913,17.1681,0.7331,-0.4706,0.0547,-4.6734,,15.77,NORMAL,0.0,11.0,5.0,14.0,30.0,1,TECH_FAIL,phase1.v1
2026-10-07,2026-10-05,INCY,Incyte,Other,112.73,30.1,-7.81,-1.4472,122.28,123.43,-2.095,2.94,-5.03,1.2500,-8.4984,-9.3810,-1.3131,25.1624,1.4761,-2.8095,0.0613,-11.3478,,15.77,NORMAL,0.0,11.0,5.0,14.0,30.0,1,TECH_FAIL,phase1.v1
2026-10-07,2026-10-06,INTC,Intel,Technology,112.51,52.0,-0.75,-1.0049,113.37,102.29,4.244,5.22,-12.31,0.7100,-6.4169,5.9064,4.4126,71.2586,0.6155,-0.0563,3.3842,3.7265,5.03,15.11,NORMAL,0.0,8.0,8.0,14.0,30.0,1,TECH_FAIL,phase1.v1
2026-10-07,2026-10-06,INTU,Intuit,Other,298.00,48.2,0.63,1.5840,296.14,322.56,-3.526,3.96,117.75,0.6600,8.0846,-5.0774,5.5129,42.0502,0.6419,0.0502,0.0219,-7.2573,,15.11,NORMAL,0.0,8.0,10.0,14.0,32.0,2,QUANT_FAIL,phase1.v1
2026-10-07,2026-10-06,INVH,Invitation Homes,Other,26.08,27.9,-2.72,0.0221,26.81,28.55,-2.029,1.68,28.09,1.0200,-0.9305,-7.4344,-13.7115,14.0307,0.8736,-1.4251,0.1418,-9.6143,,15.11,NORMAL,0.0,8.0,5.0,14.0,27.0,1,TECH_FAIL,phase1.v1
2026-10-07,2026-10-06,IP,International Paper,Other,32.01,29.4,-5.71,-0.1074,33.94,37.62,-2.921,3.49,15.85,0.4800,-3.5122,-7.6068,-12.3151,27.7179,0.5021,-1.7234,1.1789,-9.7867,,15.11,NORMAL,0.0,11.0,10.0,14.0,35.0,2,QUANT_FAIL,phase1.v1
2026-10-07,2026-10-06,IR,Ingersoll Rand,Other,77.63,54.6,3.93,0.7413,74.70,78.80,0.759,2.75,67.06,0.6100,3.3551,5.5042,-1.7466,24.8559,0.5820,1.3834,0.9416,3.3243,,15.11,NORMAL,0.0,8.0,10.0,14.0,32.0,2,QUANT_FAIL,phase1.v1
2026-10-07,2026-10-06,ISRG,Intuitive Surgical,Other,412.79,61.9,4.48,0.7994,395.07,383.40,2.669,2.80,69.24,0.7200,1.5149,16.8582,8.7721,26.2172,0.5150,1.1983,1.2697,14.6783,,15.11,NORMAL,34.0,7.0,18.0,18.0,77.0,3,PASS_PRE_AI,phase1.v1
2026-10-07,2026-10-06,IVZ,Invesco,Other,30.40,43.6,-1.20,-0.0292,30.76,31.43,-1.532,2.72,49.56,0.5900,0.7792,-5.2820,5.7953,21.2324,0.5352,-0.6977,2.0687,-7.4619,,15.11,NORMAL,0.0,8.0,5.0,14.0,27.0,1,TECH_FAIL,phase1.v1
2026-10-07,2026-10-05,JCI,Johnson Controls,Other,158.76,70.7,8.06,1.5351,146.91,146.56,2.093,2.25,95.97,1.3200,6.2508,8.4648,10.3036,30.7856,1.1312,2.4269,1.0307,6.4981,,15.77,NORMAL,28.0,8.0,23.0,18.0,77.0,4,PASS_PRE_AI,phase1.v1
2026-10-07,2026-10-06,JNJ,Johnson & Johnson,Healthcare,258.43,40.5,-2.62,-1.7625,265.39,265.40,-1.562,1.96,15.76,0.3600,-2.3835,-3.2387,1.8042,14.3827,0.4354,-1.3058,-0.3038,-5.4186,-0.48,15.11,NORMAL,0.0,8.0,10.0,11.0,29.0,2,QUANT_FAIL,phase1.v1
2026-10-07,2026-10-06,JPM,JPMorgan Chase,Financials,329.12,31.6,-3.66,-1.1195,341.61,350.76,-1.822,1.82,29.34,0.5700,-0.5169,-7.2143,-4.0159,17.6044,0.4822,-1.5312,0.8103,-9.3943,-7.68,15.11,NORMAL,0.0,8.0,5.0,11.0,24.0,1,TECH_FAIL,phase1.v1
2026-10-07,2026-10-06,KDP,Keurig Dr Pepper,Other,30.67,45.5,-1.61,-0.0670,31.17,31.28,-1.414,2.61,39.00,0.2700,1.0877,-4.3953,1.3549,27.0510,0.2918,-1.1313,0.2256,-6.5752,,15.11,NORMAL,22.0,8.0,10.0,18.0,58.0,2,PASS_PRE_AI,phase1.v1
2026-10-07,2026-10-06,KEY,KeyCorp,Other,19.83,29.7,-3.95,-0.0091,20.65,21.66,-2.210,2.04,46.94,0.9600,-1.1709,-8.7207,-14.8712,21.0213,0.8088,-1.3462,0.9997,-10.9006,,15.11,NORMAL,0.0,8.0,0.0,14.0,22.0,0,TECH_FAIL,phase1.v1
2026-10-07,2026-10-06,KHC,Kraft Heinz,Other,22.07,26.4,-6.47,-0.1770,23.59,24.73,-3.172,2.65,10.88,0.5900,-2.8829,-10.3413,-12.0215,17.3784,0.4387,-1.7078,0.1126,-12.5212,,15.11,NORMAL,0.0,11.0,5.0,14.0,30.0,1,TECH_FAIL,phase1.v1
2026-10-07,2026-10-06,KIM,Kimco Realty,Other,21.93,26.2,-2.52,0.0162,22.50,23.60,-1.827,1.47,16.93,0.4500,-1.2382,-6.9368,-13.1287,11.0447,0.4044,-1.4861,-0.0597,-9.1167,,15.11,NORMAL,0.0,8.0,0.0,14.0,22.0,0,TECH_FAIL,phase1.v1
2026-10-07,2026-10-06,KKR,KKR & Co.,Other,89.90,30.4,-6.19,-0.5176,95.83,102.66,-4.087,3.25,18.81,0.4800,-1.5335,-13.6325,-7.5199,26.3454,0.6013,-1.5111,1.8083,-15.8124,,15.11,NORMAL,0.0,11.0,10.0,14.0,35.0,2,QUANT_FAIL,phase1.v1
2026-10-07,2026-10-06,KLAC,KLA Corporation,Technology,195.43,54.7,4.76,2.0779,186.55,187.12,2.875,3.95,48.11,0.4400,0.2565,6.8449,-15.1669,45.1331,0.3894,0.7734,2.3033,4.6650,5.03,15.11,NORMAL,31.0,8.0,13.0,20.0,72.0,2,EVENT_HARD_AVOID,phase1.v1
2026-10-07,2026-10-06,KMB,Kimberly-Clark,Other,97.09,40.7,-0.51,0.2164,97.59,104.31,-2.296,2.08,50.63,0.5000,-0.3490,-1.6312,-9.1088,17.2463,0.4356,-0.4032,0.4160,-3.8111,,15.11,NORMAL,22.0,8.0,15.0,18.0,63.0,3,PASS_PRE_AI,phase1.v1
2026-10-07,2026-10-06,KMI,Kinder Morgan,Other,31.88,56.4,2.50,0.1346,31.10,31.46,-0.210,2.35,106.09,0.4000,5.7380,1.4963,-2.0283,19.2120,0.3687,1.6014,-0.1480,-0.6836,,15.11,NORMAL,29.0,8.0,15.0,18.0,70.0,3,PASS_PRE_AI,phase1.v1
2026-10-07,2026-10-06,KO,Coca-Cola Company (The),Consumer Staples,86.02,41.2,-1.61,-0.2170,87.43,88.02,-0.601,1.42,29.83,0.4200,-0.0697,-1.7476,3.5388,12.1292,0.4888,-1.4693,0.0111,-3.9275,-2.85,15.11,NORMAL,28.0,8.0,10.0,15.0,61.0,2,SECTOR_RS_FAIL,phase1.v1
2026-10-07,2026-10-06,KR,Kroger,Other,59.65,53.2,0.39,-0.0944,59.42,58.23,0.541,2.50,45.31,0.9600,1.7656,5.6963,1.5577,30.7725,0.7504,0.2711,-0.3304,3.5164,,15.11,NORMAL,22.0,11.0,23.0,18.0,74.0,4,PASS_PRE_AI,phase1.v1
2026-10-07,2026-10-06,KVUE,Kenvue,Other,17.64,42.7,-0.37,0.0228,17.70,18.52,-1.646,1.72,48.42,0.5400,-0.1416,-0.6479,-5.9968,14.6510,0.3621,-0.3301,0.2687,-2.8278,,15.11,NORMAL,27.0,8.0,10.0,18.0,63.0,2,PASS_PRE_AI,phase1.v1
2026-10-07,2026-10-06,LEN,Lennar,Other,76.39,40.4,-4.22,-0.3402,79.76,83.14,-1.396,4.19,11.24,0.4400,-6.3733,-5.4111,-8.7445,46.8924,0.5690,-1.5576,1.1753,-7.5910,,15.11,NORMAL,0.0,8.0,5.0,14.0,27.0,1,TECH_FAIL,phase1.v1
2026-10-07,2026-10-05,LIN,Linde plc,Materials,489.95,64.1,4.53,3.3595,468.72,479.61,-0.069,1.72,95.63,1.3200,3.5025,4.6052,-6.5088,14.3880,1.4706,3.3939,-0.0546,2.6385,-5.78,15.77,NORMAL,28.0,8.0,20.0,15.0,71.0,4,SECTOR_RS_FAIL,phase1.v1
2026-10-07,2026-10-06,LITE,Lumentum,Other,1112.43,66.8,15.14,18.3115,966.16,903.24,4.896,5.70,102.38,0.5500,14.5347,12.4826,36.5280,70.5731,0.5491,1.9676,2.6914,10.3027,,15.11,NORMAL,16.0,8.0,18.0,16.0,58.0,3,PASS_PRE_AI,phase1.v1
2026-10-07,2026-10-06,LLY,Lilly (Eli),Healthcare,1187.11,57.3,2.72,2.0446,1155.73,1174.26,0.274,2.79,40.48,0.6700,2.5956,5.5953,2.9997,20.0031,0.7093,1.6512,-0.2978,3.4154,-0.48,15.11,NORMAL,34.0,7.0,15.0,15.0,71.0,3,SECTOR_RS_FAIL,phase1.v1
2026-10-07,2026-10-06,LNT,Alliant Energy,Other,65.44,47.7,0.68,0.3023,65.00,67.57,-1.284,1.68,114.92,0.3400,3.3886,-3.5588,-14.2380,16.4342,0.4566,0.2126,0.1344,-5.7387,,15.11,NORMAL,17.0,8.0,15.0,18.0,58.0,3,PASS_PRE_AI,phase1.v1
2026-10-07,2026-10-06,LOW,Lowe's,Other,181.37,31.8,-4.29,-0.2538,189.50,203.20,-2.517,2.36,28.70,0.4400,-1.5845,-8.6757,-12.6685,20.0053,0.4363,-1.5138,0.6483,-10.8556,,15.11,NORMAL,0.0,4.0,10.0,14.0,28.0,2,QUANT_FAIL,phase1.v1
2026-10-07,2026-10-06,LRCX,Lam Research,Technology,326.72,55.4,5.89,3.7436,308.55,308.85,2.818,4.18,47.22,0.5300,-0.5449,3.4448,-5.5995,55.8555,0.4271,0.7536,3.0074,1.2649,5.03,15.11,NORMAL,34.0,8.0,13.0,20.0,75.0,2,EVENT_HARD_AVOID,phase1.v1
2026-10-07,2026-10-06,LULU,Lululemon Athletica,Other,91.47,31.1,-6.68,-0.1874,98.02,110.45,-3.771,4.15,0.10,0.6100,-4.9018,-8.2682,-22.0295,32.2884,0.6111,-2.3238,1.4047,-10.4481,,15.11,NORMAL,0.0,8.0,5.0,14.0,27.0,1,TECH_FAIL,phase1.v1
2026-10-07,2026-10-06,LUV,Southwest Airlines,Other,41.85,52.2,1.74,0.2042,41.14,42.01,2.003,2.89,40.55,0.5200,0.5163,8.2084,-11.9954,23.4994,0.4421,0.6300,2.0301,6.0285,,15.11,NORMAL,0.0,8.0,10.0,14.0,32.0,2,QUANT_FAIL,phase1.v1
2026-10-07,2026-10-06,LVS,Las Vegas Sands,Other,36.02,19.6,-8.16,-0.1699,39.22,43.20,-4.722,2.66,8.46,0.4600,-4.7342,-16.8705,-19.5623,16.9016,0.4744,-1.5991,-0.0709,-19.0504,,15.11,NORMAL,20.0,11.0,15.0,18.0,64.0,3,PASS_PRE_AI,phase1.v1
2026-10-07,2026-10-06,LYB,LyondellBasell,Other,58.61,40.4,-3.29,-0.1179,60.60,62.31,-2.481,3.22,75.44,0.4500,1.9836,-9.1459,0.1025,28.3655,0.3889,-0.8291,-0.9453,-11.3258,,15.11,NORMAL,0.0,8.0,5.0,14.0,27.0,1,TECH_FAIL,phase1.v1
2026-10-07,2026-10-06,MA,Mastercard,Financials,572.83,55.4,1.50,0.5770,564.39,571.70,-0.749,1.62,107.36,0.4100,3.8724,0.9383,6.4691,16.5481,0.4429,1.2766,0.1635,-1.2416,-7.68,15.11,NORMAL,0.0,11.0,5.0,11.0,27.0,1,TECH_FAIL,phase1.v1
2026-10-07,2026-10-06,MAS,Masco,Other,68.69,46.3,0.36,0.3182,68.44,71.49,-0.844,2.59,86.30,0.7400,1.9139,-0.9945,-11.7662,25.0826,0.5490,0.2836,1.6044,-3.1744,,15.11,NORMAL,0.0,8.0,5.0,14.0,27.0,1,TECH_FAIL,phase1.v1
2026-10-07,2026-10-06,MCD,McDonald's,Consumer Discretionary,231.46,25.2,-4.17,-0.1831,241.52,257.02,-2.520,1.82,28.87,0.5700,0.2252,-8.6871,-13.9362,21.3687,0.5309,-1.1997,0.0551,-10.8670,-2.88,15.11,NORMAL,0.0,4.0,5.0,11.0,20.0,1,TECH_FAIL,phase1.v1
2026-10-07,2026-10-06,MCHP,Microchip Technology,Other,77.33,51.2,1.99,0.5988,75.82,75.95,2.257,3.69,39.83,0.8800,-0.5658,5.9170,-11.2272,41.1849,0.6906,0.4649,2.7641,3.7371,,15.11,NORMAL,21.0,8.0,10.0,18.0,57.0,2,PASS_PRE_AI,phase1.v1
2026-10-07,2026-10-06,MDLZ,Mondelez International,Other,59.66,44.3,-1.35,-0.0876,60.47,61.81,-1.266,1.95,69.95,0.4400,3.1825,-4.4215,1.4628,17.1497,0.4530,-0.5812,-0.4667,-6.6014,,15.11,NORMAL,0.0,8.0,5.0,14.0,27.0,1,TECH_FAIL,phase1.v1
2026-10-07,2026-10-06,MDT,Medtronic,Other,85.73,36.4,-4.38,-0.4920,89.65,90.05,-1.652,2.49,24.11,1.0400,-0.6490,-6.7037,8.1084,20.1829,2.1857,-1.6593,-0.1435,-8.8836,,15.11,NORMAL,0.0,8.0,5.0,14.0,27.0,1,TECH_FAIL,phase1.v1
2026-10-07,2026-10-06,MET,MetLife,Other,95.90,49.0,-0.63,-0.0765,96.51,96.48,-0.297,1.99,68.02,0.3400,1.8479,0.2195,3.6309,16.1934,0.3832,-0.4979,0.3336,-1.9605,,15.11,NORMAL,0.0,11.0,10.0,14.0,35.0,2,QUANT_FAIL,phase1.v1
2026-10-07,2026-10-06,MGM,MGM Resorts,Other,29.76,13.8,-15.17,-0.3604,35.09,40.03,-7.116,3.71,5.57,0.6700,-4.1385,-26.7954,-36.2224,41.9843,0.6397,-1.4328,0.6258,-28.9753,,15.11,NORMAL,0.0,11.0,5.0,14.0,30.0,1,TECH_FAIL,phase1.v1
2026-10-07,2026-10-06,MMM,3M,Other,162.34,39.1,-1.78,-0.1805,165.28,172.49,-0.705,2.09,13.43,0.6200,-1.1026,-1.2530,3.6786,20.9063,0.5979,-1.1105,0.8535,-3.4330,,15.11,NORMAL,0.0,8.0,0.0,14.0,22.0,0,TECH_FAIL,phase1.v1
2026-10-07,2026-10-06,MO,Altria,Other,69.54,56.0,1.02,-0.0092,68.84,68.14,-0.269,1.94,96.72,0.5300,3.2744,2.4378,-0.8766,16.3707,0.4950,0.8344,-0.9325,0.2579,,15.11,NORMAL,15.0,8.0,18.0,18.0,59.0,3,PASS_PRE_AI,phase1.v1
2026-10-07,2026-10-06,MOS,Mosaic Company (The),Other,20.06,28.0,-14.08,-0.4313,23.34,23.45,-5.074,5.18,6.31,0.8200,-7.3672,-23.4834,-12.5763,33.2177,0.8695,-2.0950,0.2869,-25.6633,,15.11,NORMAL,0.0,4.0,5.0,12.0,21.0,1,TECH_FAIL,phase1.v1
2026-10-07,2026-10-06,MPC,Marathon Petroleum,Other,440.73,74.2,8.19,2.1029,407.36,373.03,2.365,3.39,111.55,0.6600,11.4587,10.3370,45.2637,37.8333,0.4244,2.2827,-0.3316,8.1571,,15.11,NORMAL,33.0,8.0,18.0,18.0,77.0,3,PASS_PRE_AI,phase1.v1
2026-10-07,2026-10-06,MRK,Merck & Co.,Healthcare,142.78,45.3,-2.11,-1.0889,145.86,142.90,-1.284,2.39,23.10,0.3900,-1.7412,-3.2197,18.2149,22.4386,0.3589,-1.1626,0.3858,-5.3997,-0.48,15.11,NORMAL,0.0,14.0,5.0,11.0,30.0,1,TECH_FAIL,phase1.v1
2026-10-07,2026-10-06,MRNA,Moderna,Healthcare,195.86,63.5,11.32,-1.3909,175.94,132.05,7.461,7.50,29.20,0.6600,1.7085,44.4289,190.4211,77.0042,0.7305,0.9390,4.0291,42.2490,-0.48,15.11,NORMAL,5.0,11.0,15.0,13.0,44.0,3,QUANT_FAIL,phase1.v1
2026-10-07,2026-10-06,MRSH,Marsh McLennan,Other,173.86,45.8,0.41,0.5451,173.15,183.05,-1.744,2.11,103.38,0.6200,1.8333,-1.6851,-2.3533,15.9186,0.5371,0.1567,-0.3859,-3.8650,,15.11,NORMAL,0.0,11.0,5.0,14.0,30.0,1,TECH_FAIL,phase1.v1
2026-10-07,2026-10-06,MRVL,Marvell Technology,Technology,282.80,66.9,11.33,2.5010,254.03,232.39,5.880,5.00,63.62,0.8500,7.0380,20.3374,27.1377,53.1385,0.9978,1.6505,3.2618,18.1575,5.03,15.11,NORMAL,33.0,11.0,18.0,20.0,82.0,3,EVENT_HARD_AVOID,phase1.v1
2026-10-07,2026-10-06,MS,Morgan Stanley,Financials,188.73,29.3,-4.89,-0.5736,198.42,208.03,-3.172,2.45,54.86,0.5200,0.3456,-12.3613,-17.1037,21.6673,0.5775,-1.2727,1.6572,-14.5412,-7.68,15.11,NORMAL,29.0,11.0,10.0,15.0,65.0,2,SECTOR_RS_FAIL,phase1.v1
2026-10-07,2026-10-06,MU,Micron Technology,Technology,1079.96,58.8,4.62,-1.1276,1032.24,967.00,1.990,4.25,48.64,0.9000,1.3942,5.0780,9.8503,47.5080,1.0287,0.8689,2.7703,2.8981,5.03,15.11,NORMAL,35.0,8.0,23.0,20.0,86.0,5,EVENT_HARD_AVOID,phase1.v1
2026-10-07,2026-10-06,NCLH,Norwegian Cruise Line Holdings,Other,15.20,49.5,4.14,0.2478,14.60,16.48,-0.547,4.04,82.81,0.7500,3.7176,2.3906,-21.8654,33.9086,0.8912,1.7362,1.1875,0.2107,,15.11,NORMAL,25.0,8.0,10.0,18.0,61.0,2,PASS_PRE_AI,phase1.v1
2026-10-07,2026-10-06,NDAQ,"Nasdaq, Inc.",Other,91.88,44.9,-0.41,-0.0585,92.26,94.81,-1.190,2.32,36.03,0.4500,-0.1413,-2.4836,4.3972,23.0810,0.4535,-0.2749,0.4798,-4.6635,,15.11,NORMAL,0.0,8.0,5.0,14.0,27.0,1,TECH_FAIL,phase1.v1
2026-10-07,2026-10-06,NEE,NextEra Energy,Utilities,76.90,37.8,-1.95,0.1698,78.43,82.33,-2.050,1.78,92.20,0.3900,1.5251,-6.9630,-14.1221,17.5395,0.4711,-0.6896,0.2696,-9.1429,-5.48,15.11,NORMAL,27.0,11.0,15.0,15.0,68.0,3,SECTOR_RS_FAIL,phase1.v1
2026-10-07,2026-10-06,NEM,Newmont,Materials,113.66,39.0,-5.71,-1.1521,120.55,119.19,-2.562,3.34,22.13,0.5900,-1.4566,-11.6930,19.9578,30.1786,0.4529,-1.6864,1.5726,-13.8729,-6.21,15.11,NORMAL,0.0,8.0,5.0,11.0,24.0,1,TECH_FAIL,phase1.v1
2026-10-07,2026-10-06,NFLX,Netflix,Communication,69.66,40.9,-3.57,-0.2707,72.24,75.42,-3.712,2.63,58.38,0.5100,0.1150,-8.3783,-5.2632,33.4069,0.5361,-0.7517,0.7464,-10.5582,-1.33,15.11,NORMAL,29.0,8.0,10.0,15.0,62.0,2,EVENT_HARD_AVOID,phase1.v1
2026-10-07,2026-10-06,NI,NiSource,Other,40.69,52.7,1.45,0.1979,40.10,41.34,-0.980,1.70,116.44,0.5800,4.3205,-2.3638,-12.7306,16.4220,0.5461,0.6008,0.2650,-4.5437,,15.11,NORMAL,17.0,8.0,10.0,18.0,53.0,2,QUANT_FAIL,phase1.v1
2026-10-07,2026-10-06,NKE,"Nike, Inc.",Consumer Discretionary,34.29,33.9,-3.91,-0.0200,35.69,38.47,-2.589,3.30,57.05,0.3500,-3.1215,-8.1794,-19.9837,24.2238,0.6178,-1.6938,0.3299,-10.3593,-2.88,15.11,NORMAL,18.0,8.0,15.0,15.0,56.0,3,SECTOR_RS_FAIL,phase1.v1
2026-10-07,2026-10-06,NOW,ServiceNow,Technology,138.65,55.1,1.55,-0.3873,136.54,131.14,-0.148,4.04,94.44,0.6500,3.4653,5.7538,32.2401,39.5058,0.5190,0.6787,0.7391,3.5739,5.03,15.11,NORMAL,24.0,8.0,10.0,20.0,62.0,2,EVENT_HARD_AVOID,phase1.v1
2026-10-07,2026-10-06,NRG,NRG Energy,Other,108.68,54.9,5.88,1.1867,102.64,112.30,-3.557,4.37,103.41,0.9800,13.6226,-5.7987,-21.4513,45.8864,1.1372,0.9361,0.5250,-7.9786,,15.11,NORMAL,21.0,8.0,15.0,18.0,62.0,3,PASS_PRE_AI,phase1.v1
2026-10-07,2026-10-06,NTAP,NetApp,Other,236.54,78.2,15.76,3.4880,204.34,195.86,5.267,3.63,96.27,0.5800,12.5952,28.0394,35.5142,45.2155,0.7608,2.6243,1.1086,25.8595,,15.11,NORMAL,34.0,11.0,23.0,18.0,86.0,4,PASS_PRE_AI,phase1.v1
2026-10-07,2026-10-06,NVDA,Nvidia,Technology,237.07,63.7,5.10,1.2455,225.56,220.58,1.062,2.37,76.93,0.4900,3.8051,5.9911,11.9312,24.2472,0.5267,1.5472,1.9245,3.8111,5.03,15.11,NORMAL,35.0,8.0,18.0,20.0,81.0,3,EVENT_HARD_AVOID,phase1.v1
2026-10-07,2026-10-06,NWSA,News Corp (Class A),Other,28.82,45.8,-1.30,-0.0566,29.19,29.42,-1.314,2.42,79.57,0.5400,0.5759,-2.6849,4.4022,25.3376,0.4166,-0.5709,0.0455,-4.8648,,15.11,NORMAL,0.0,8.0,10.0,14.0,32.0,2,QUANT_FAIL,phase1.v1
2026-10-07,2026-10-06,O,Realty Income,Other,53.44,22.2,-4.73,-0.0608,56.09,59.91,-3.151,1.58,18.58,0.4500,-1.5838,-11.0963,-16.1988,14.4530,0.4216,-1.4289,0.0439,-13.2762,,15.11,NORMAL,27.0,8.0,10.0,18.0,63.0,2,PASS_PRE_AI,phase1.v1
2026-10-07,2026-10-06,OKE,Oneok,Other,88.32,41.6,-2.82,-0.2037,90.88,92.09,-2.119,2.75,78.69,0.4800,3.5769,-7.8272,-3.8955,22.5928,0.4423,-0.8331,-0.5353,-10.0071,,15.11,NORMAL,0.0,11.0,5.0,14.0,30.0,1,TECH_FAIL,phase1.v1
2026-10-07,2026-10-05,OMC,Omnicom Group,Other,75.10,39.8,-1.93,0.0677,76.58,81.60,-2.762,2.66,56.65,0.8600,1.2948,-7.4325,-9.0248,24.2632,0.6251,-0.7256,0.5692,-9.3993,,15.77,NORMAL,0.0,8.0,5.0,14.0,27.0,1,TECH_FAIL,phase1.v1
2026-10-07,2026-10-06,ORCL,Oracle Corporation,Technology,143.84,50.0,0.31,0.1884,143.39,145.12,-2.425,4.39,97.00,0.4200,4.7597,-11.0097,12.4238,44.2955,0.2917,-0.0659,3.1185,-13.1896,5.03,15.11,NORMAL,32.0,8.0,10.0,20.0,70.0,2,EVENT_HARD_AVOID,phase1.v1
2026-10-07,2026-10-06,ORLY,O'Reilly Automotive,Other,84.59,43.3,-0.80,0.0519,85.28,88.07,-0.621,2.11,32.76,0.3500,-0.9600,-1.7308,-1.3526,22.0145,0.3045,-0.7392,0.1484,-3.9107,,15.11,NORMAL,0.0,8.0,5.0,14.0,27.0,1,TECH_FAIL,phase1.v1
2026-10-07,2026-10-06,OTIS,Otis Worldwide,Other,66.01,42.5,-1.55,0.0479,67.05,70.00,-1.903,2.31,79.70,0.2900,2.6275,-4.7475,-9.0270,25.9950,0.3083,-0.6622,0.0797,-6.9274,,15.11,NORMAL,19.0,8.0,15.0,18.0,60.0,3,PASS_PRE_AI,phase1.v1
2026-10-07,2026-10-06,OXY,Occidental Petroleum,Energy,58.26,50.3,-0.28,0.0536,58.42,58.56,-1.074,2.69,97.55,0.5200,5.3145,-4.9592,6.7620,35.9948,0.4998,-0.1359,-0.7897,-7.1391,-4.39,15.11,NORMAL,33.0,8.0,10.0,15.0,66.0,2,SECTOR_RS_FAIL,phase1.v1
2026-10-07,2026-10-06,PANW,Palo Alto Networks,Technology,405.33,60.0,6.02,2.7813,382.30,367.30,5.024,4.22,65.96,0.4400,2.0198,20.9594,14.8616,59.5146,0.3735,1.1265,1.0960,18.7795,5.03,15.11,NORMAL,17.0,8.0,13.0,20.0,58.0,2,EVENT_HARD_AVOID,phase1.v1
2026-10-07,2026-10-06,PAYX,Paychex,Other,102.10,34.8,-5.20,-0.3734,107.70,116.15,-4.428,2.70,83.34,0.4000,3.6548,-11.0240,-6.7750,37.2911,0.3240,-0.7628,0.1291,-13.2039,,15.11,NORMAL,0.0,8.0,10.0,14.0,32.0,2,QUANT_FAIL,phase1.v1
2026-10-07,2026-10-06,PCAR,Paccar,Other,107.42,18.4,-5.94,-0.1685,114.20,123.12,-2.974,2.40,21.56,0.5200,-2.1810,-11.8682,-13.3331,15.9430,0.4859,-1.4525,0.5421,-14.0481,,15.11,NORMAL,0.0,8.0,5.0,14.0,27.0,1,TECH_FAIL,phase1.v1
2026-10-07,2026-10-06,PCG,PG&E Corporation,Other,12.77,40.5,-0.23,0.1575,12.79,15.16,-3.213,3.84,109.44,0.7000,4.2041,-10.0423,-26.8062,27.2202,0.6474,-0.1471,0.4746,-12.2222,,15.11,NORMAL,24.0,8.0,10.0,18.0,60.0,2,PASS_PRE_AI,phase1.v1
2026-10-07,2026-10-06,PEG,Public Service Enterprise Group,Other,71.79,57.6,3.55,0.5978,69.33,72.62,-1.388,1.83,119.06,0.6100,6.6083,-1.1157,-10.8199,23.3344,0.8539,1.1937,0.2967,-3.2956,,15.11,NORMAL,18.0,8.0,15.0,18.0,59.0,3,PASS_PRE_AI,phase1.v1
2026-10-07,2026-10-06,PEP,PepsiCo,Consumer Staples,124.35,22.8,-4.40,-0.3006,130.07,136.12,-2.479,1.82,13.69,1.0600,-1.8742,-9.0314,-8.1986,13.9768,0.9842,-1.5517,-0.0613,-11.2113,-2.85,15.11,NORMAL,0.0,4.0,5.0,11.0,20.0,1,TECH_FAIL,phase1.v1
2026-10-07,2026-10-06,PFE,Pfizer,Healthcare,28.04,52.6,0.29,-0.1069,27.96,27.50,-0.530,1.91,25.88,0.5300,-1.6830,0.9359,15.6289,13.4885,0.5145,0.2156,0.2271,-1.2440,-0.48,15.11,NORMAL,16.0,11.0,10.0,15.0,52.0,2,QUANT_FAIL,phase1.v1
2026-10-07,2026-10-06,PG,Procter & Gamble,Consumer Staples,148.55,56.5,1.40,0.1209,146.50,145.69,0.087,1.58,82.02,0.6300,2.2475,4.1399,1.6875,16.2121,0.6434,1.3453,0.3132,1.9600,-2.85,15.11,NORMAL,21.0,11.0,23.0,15.0,70.0,4,SECTOR_RS_FAIL,phase1.v1
2026-10-07,2026-10-06,PGR,Progressive Corporation,Other,214.84,53.6,1.32,0.5954,212.05,214.17,-0.791,2.00,111.97,0.5700,3.6317,-0.3068,-5.1819,21.2387,0.5154,0.5112,-0.5119,-2.4867,,15.11,NORMAL,0.0,8.0,10.0,14.0,32.0,2,QUANT_FAIL,phase1.v1
2026-10-07,2026-10-06,PHM,PulteGroup,Other,112.19,35.1,-4.63,-0.2442,117.64,123.95,-1.553,2.89,14.12,0.7700,-3.3302,-5.6630,-9.9269,26.8923,0.8066,-3.1449,1.0321,-7.8429,,15.11,NORMAL,0.0,8.0,5.0,14.0,27.0,1,TECH_FAIL,phase1.v1
2026-10-07,2026-10-06,PLD,Prologis,Real Estate,127.38,28.2,-4.00,-0.4093,132.68,137.53,-1.675,1.68,4.29,0.4100,-1.8985,-6.1072,-10.6078,14.1071,0.4892,-2.0414,0.1547,-8.2871,-7.61,15.11,NORMAL,0.0,8.0,10.0,11.0,29.0,2,QUANT_FAIL,phase1.v1
2026-10-07,2026-10-06,PLTR,Palantir Technologies,Technology,193.32,65.4,5.51,0.0632,183.22,173.71,2.444,3.11,78.07,0.6300,3.3494,14.0300,44.5670,24.7282,0.5048,1.2563,2.9921,11.8501,5.03,15.11,NORMAL,33.0,8.0,10.0,20.0,71.0,2,EVENT_HARD_AVOID,phase1.v1
2026-10-07,2026-10-06,PM,Philip Morris International,Other,192.65,55.2,0.92,-0.0350,190.89,189.66,0.557,2.22,68.35,0.5400,0.9564,3.7343,9.4885,18.1791,0.4886,0.8769,-0.5721,1.5544,,15.11,NORMAL,17.0,8.0,23.0,18.0,66.0,4,PASS_PRE_AI,phase1.v1
2026-10-07,2026-10-06,PNC,PNC Financial Services,Other,217.37,23.9,-4.85,-0.4481,228.44,240.16,-2.502,1.97,31.38,0.5100,-2.2001,-9.6888,-13.7010,18.3829,0.5884,-1.4165,0.6817,-11.8687,,15.11,NORMAL,0.0,8.0,10.0,14.0,32.0,2,QUANT_FAIL,phase1.v1
2026-10-07,2026-10-06,PNR,Pentair,Other,52.54,25.4,-3.69,0.1735,54.55,60.33,-2.853,2.69,41.36,0.6600,-0.8492,-8.6579,-30.5761,17.4029,0.6179,-1.3559,0.5721,-10.8378,,15.11,NORMAL,0.0,11.0,10.0,14.0,35.0,2,QUANT_FAIL,phase1.v1
2026-10-07,2026-10-06,PPG,PPG Industries,Other,104.96,41.5,-0.67,0.2432,105.67,110.38,-1.165,2.28,62.91,0.8000,0.6039,-2.0530,-8.4598,17.1747,0.7189,-0.7570,1.2839,-4.2329,,15.11,NORMAL,0.0,8.0,5.0,14.0,27.0,1,TECH_FAIL,phase1.v1
2026-10-07,2026-10-06,PPL,PPL Corporation,Other,33.90,55.7,2.48,0.1991,33.08,34.28,-1.237,1.60,118.27,0.3100,3.0556,-1.8958,-6.1080,16.3368,0.4101,1.0692,0.2284,-4.0757,,15.11,NORMAL,24.0,8.0,15.0,18.0,65.0,3,PASS_PRE_AI,phase1.v1
2026-10-07,2026-10-06,PTC,PTC Inc.,Other,193.68,80.8,33.18,6.7762,145.43,146.42,6.094,3.82,103.84,0.5700,38.0506,50.2715,58.0973,120.9832,1.3777,2.8819,1.4348,48.0916,,15.11,NORMAL,19.0,8.0,20.0,18.0,65.0,4,PASS_PRE_AI,phase1.v1
2026-10-07,2026-10-06,PYPL,PayPal,Financials,55.34,54.8,3.49,0.3429,53.48,56.38,-0.148,2.75,96.59,0.6000,5.3493,6.0763,16.8250,26.5359,0.4596,2.4053,0.8802,3.8964,-7.68,15.11,NORMAL,23.0,11.0,10.0,15.0,59.0,2,SECTOR_RS_FAIL,phase1.v1
2026-10-07,2026-10-06,QCOM,Qualcomm,Technology,176.94,45.7,-5.01,-2.1006,186.27,172.22,1.304,4.33,-11.64,0.4900,-3.8579,0.3061,-0.6513,57.0225,0.3334,-1.2507,1.8962,-1.8738,5.03,15.11,NORMAL,0.0,8.0,0.0,16.0,24.0,0,TECH_FAIL,phase1.v1
2026-10-07,2026-10-06,RDDT,Reddit,Other,153.59,51.2,0.83,0.4492,152.33,154.85,-0.458,4.71,95.12,0.4500,7.8243,4.8791,-24.4429,47.2993,0.3927,0.2900,1.5308,2.6992,,15.11,NORMAL,0.0,8.0,10.0,14.0,32.0,2,QUANT_FAIL,phase1.v1
2026-10-07,2026-10-06,RF,Regions Financial Corporation,Other,26.72,25.3,-4.57,-0.0217,27.99,29.72,-2.754,2.03,55.40,0.5700,-0.6138,-10.6223,-13.5996,19.3859,0.6188,-1.2033,0.7838,-12.8022,,15.11,NORMAL,21.0,11.0,10.0,18.0,60.0,2,PASS_PRE_AI,phase1.v1
2026-10-07,2026-10-05,ROST,Ross Stores,Other,224.21,37.7,-2.65,-0.4626,230.30,237.13,-0.111,2.30,-7.36,1.4600,-4.3473,-2.2241,2.1644,20.5935,1.4447,-1.6136,0.3932,-4.1908,,15.77,NORMAL,0.0,8.0,5.0,14.0,27.0,1,TECH_FAIL,phase1.v1
2026-10-07,2026-10-06,RTX,RTX Corporation,Industrials,181.15,20.0,-4.79,-0.3096,190.26,204.51,-2.099,1.90,8.50,0.6400,-2.4239,-8.3017,-6.3292,12.3727,0.6191,-1.9690,-0.0889,-10.4816,-4.10,15.11,NORMAL,0.0,11.0,5.0,11.0,27.0,1,TECH_FAIL,phase1.v1
2026-10-07,2026-10-06,RVTY,Revvity,Other,154.02,66.8,6.13,0.0176,145.13,130.51,4.408,3.78,34.60,0.5900,0.7391,24.3601,38.4947,47.7558,0.6228,0.9577,0.0480,22.1802,,15.11,NORMAL,17.0,8.0,18.0,18.0,61.0,3,PASS_PRE_AI,phase1.v1
2026-10-07,2026-10-06,SBUX,Starbucks,Other,93.61,35.4,-2.21,0.2410,95.73,101.78,-2.312,2.27,38.39,0.7700,-0.3725,-6.4274,-11.8301,18.0753,0.6827,-1.2799,0.2962,-8.6073,,15.11,NORMAL,0.0,11.0,5.0,14.0,30.0,1,TECH_FAIL,phase1.v1
2026-10-07,2026-10-06,SCHW,Charles Schwab Corporation,Other,95.47,30.1,-5.96,-0.4795,101.52,105.89,-2.685,2.25,14.83,0.6200,-2.3225,-10.3905,-5.5687,26.6781,0.5289,-1.5647,0.3760,-12.5704,,15.11,NORMAL,0.0,8.0,5.0,14.0,27.0,1,TECH_FAIL,phase1.v1
2026-10-07,2026-10-06,SLB,Schlumberger,Energy,48.19,34.1,-6.41,-0.3184,51.49,52.81,-3.859,3.50,28.21,0.8200,-1.0981,-15.5390,1.3568,31.3443,0.7124,-1.5544,0.7095,-17.7189,-4.39,15.11,NORMAL,0.0,8.0,0.0,11.0,19.0,0,TECH_FAIL,phase1.v1
2026-10-07,2026-10-06,SMCI,Supermicro,Technology,45.55,66.5,11.54,0.2044,40.84,37.39,3.048,4.96,92.20,1.0500,10.9082,17.0049,64.7378,68.4974,0.8879,2.1250,4.0332,14.8250,5.03,15.11,NORMAL,27.0,11.0,23.0,20.0,81.0,4,EVENT_HARD_AVOID,phase1.v1
2026-10-07,2026-10-06,SNDK,Sandisk,Other,1700.04,51.4,-0.27,-13.9617,1704.58,1564.74,0.655,5.69,19.20,1.0900,-2.2902,-3.6349,-3.2868,67.2483,0.9137,-0.0795,3.6924,-5.8149,,15.11,NORMAL,28.0,8.0,13.0,16.0,65.0,2,PASS_PRE_AI,phase1.v1
2026-10-07,2026-10-06,SO,Southern Company,Other,85.73,49.2,1.03,0.4061,84.85,88.62,-1.186,1.50,114.69,0.4500,3.4262,-2.9545,-10.6607,14.6646,0.5023,0.4057,-0.0285,-5.1344,,15.11,NORMAL,24.0,8.0,15.0,18.0,65.0,3,PASS_PRE_AI,phase1.v1
2026-10-07,2026-10-06,SRE,Sempra,Other,79.68,44.3,-0.46,0.2526,80.04,83.29,-1.758,1.86,110.54,0.3500,2.1999,-6.2757,-14.6583,18.5019,0.3493,-0.2635,-0.0195,-8.4556,,15.11,NORMAL,0.0,8.0,10.0,14.0,32.0,2,QUANT_FAIL,phase1.v1
2026-10-07,2026-10-06,STX,Seagate Technology,Other,798.65,41.5,-7.68,-9.8402,865.10,856.22,0.227,7.01,-4.64,0.5700,-13.4110,-9.8513,-9.0703,68.3067,0.8064,-1.3209,0.5928,-12.0313,,15.11,NORMAL,0.0,8.0,5.0,12.0,25.0,1,TECH_FAIL,phase1.v1
2026-10-07,2026-10-06,SW,Smurfit Westrock,Other,41.42,32.8,-6.22,-0.3039,44.17,46.22,-1.242,3.22,-2.68,0.5300,-6.0771,-1.8483,-3.4724,27.7777,0.5261,-1.8658,1.2988,-4.0283,,15.11,NORMAL,0.0,8.0,5.0,14.0,27.0,1,TECH_FAIL,phase1.v1
2026-10-07,2026-10-06,SWKS,Skyworks Solutions,Other,82.67,50.8,-4.61,-1.3711,86.66,75.45,2.876,5.52,14.64,0.4500,-3.2873,8.0089,46.1117,84.2392,0.6162,-0.9409,1.5413,5.8290,,15.11,NORMAL,0.0,11.0,5.0,12.0,28.0,1,TECH_FAIL,phase1.v1
2026-10-07,2026-10-06,SYF,Synchrony Financial,Other,72.15,41.1,-1.44,0.0475,73.21,76.52,-2.312,2.42,79.58,0.4600,1.6697,-6.7162,-2.0698,21.9549,0.4219,-0.6332,1.2348,-8.8961,,15.11,NORMAL,0.0,11.0,5.0,14.0,30.0,1,TECH_FAIL,phase1.v1
2026-10-07,2026-10-05,SYY,Sysco,Other,77.45,39.6,-2.09,-0.0772,79.10,81.54,-1.112,1.92,31.56,0.7500,-1.3250,-2.9935,-7.2011,23.4276,0.6531,-0.9048,-0.1929,-4.9603,,15.77,NORMAL,0.0,11.0,10.0,14.0,35.0,2,QUANT_FAIL,phase1.v1
2026-10-07,2026-10-06,T,AT&T,Communication,24.60,44.1,-2.35,-0.1353,25.19,24.97,-1.312,2.01,39.91,0.5200,0.8197,-2.1869,15.6015,21.3688,0.4455,-0.8544,0.0465,-4.3668,-1.33,15.11,NORMAL,0.0,4.0,5.0,11.0,20.0,1,TECH_FAIL,phase1.v1
2026-10-07,2026-10-06,TER,Teradyne,Other,409.85,54.9,5.25,4.3929,389.40,380.52,4.798,4.99,45.46,0.6900,2.2299,6.8180,16.0292,72.1628,0.5762,0.6561,2.7257,4.6381,,15.11,NORMAL,33.0,8.0,18.0,18.0,77.0,3,PASS_PRE_AI,phase1.v1
2026-10-07,2026-10-06,TFC,Truist Financial,Other,45.58,27.3,-4.69,-0.1099,47.82,50.01,-2.437,2.07,32.39,0.6000,-1.5659,-9.1226,-12.2714,19.6228,0.6222,-1.5701,0.7331,-11.3025,,15.11,NORMAL,0.0,8.0,5.0,14.0,27.0,1,TECH_FAIL,phase1.v1
2026-10-07,2026-10-06,TJX,TJX Companies,Other,139.02,62.1,6.62,1.6884,130.39,139.78,1.011,2.07,98.35,0.7400,5.0714,10.2284,-7.5296,21.8235,0.6199,2.4429,0.3109,8.0484,,15.11,NORMAL,26.0,8.0,15.0,18.0,67.0,3,PASS_PRE_AI,phase1.v1
2026-10-07,2026-10-06,TMO,Thermo Fisher Scientific,Other,661.60,56.4,1.03,-2.6739,654.88,623.26,1.968,2.77,15.17,0.5000,-1.9924,9.2308,23.8789,28.6469,0.4778,0.3772,-0.3204,7.0509,,15.11,NORMAL,0.0,8.0,10.0,14.0,32.0,2,QUANT_FAIL,phase1.v1
2026-10-07,2026-10-06,TMUS,T-Mobile US,Other,169.11,47.9,0.20,0.4543,168.77,175.57,-2.620,2.47,102.90,0.6200,3.6976,-4.6408,-9.6297,30.1243,0.4799,-0.0102,0.2404,-6.8207,,15.11,NORMAL,0.0,11.0,10.0,14.0,35.0,2,QUANT_FAIL,phase1.v1
2026-10-07,2026-10-05,TPR,"Tapestry, Inc.",Other,116.75,44.2,1.17,1.3348,115.40,129.41,-0.923,2.86,85.48,0.7900,2.3046,-0.7059,-14.2364,26.1363,0.7834,0.5360,-0.0159,-2.6727,,15.77,NORMAL,0.0,8.0,10.0,14.0,32.0,2,QUANT_FAIL,phase1.v1
2026-10-07,2026-10-05,TRMB,Trimble Inc.,Other,60.95,63.8,5.06,0.1724,58.02,58.47,-0.385,2.71,90.08,1.0500,6.2958,3.6917,16.5615,26.3000,1.1468,4.0458,0.7268,1.7250,,15.77,NORMAL,15.0,8.0,15.0,18.0,56.0,3,PASS_PRE_AI,phase1.v1
2026-10-07,2026-10-06,TSCO,Tractor Supply,Other,32.60,49.9,0.89,0.0444,32.32,33.56,-2.210,3.08,96.56,0.4500,4.2026,-4.1029,6.7267,27.8306,0.5306,0.2578,0.3846,-6.2829,,15.11,NORMAL,20.0,11.0,10.0,18.0,59.0,2,PASS_PRE_AI,phase1.v1
2026-10-07,2026-10-06,TSLA,"Tesla, Inc.",Consumer Discretionary,377.86,57.7,2.89,0.7712,367.23,351.74,0.527,3.14,92.89,0.5300,6.4950,2.7310,-4.6254,30.0431,0.5817,1.1609,2.7235,0.5511,-2.88,15.11,NORMAL,17.0,11.0,23.0,15.0,66.0,4,SECTOR_RS_FAIL,phase1.v1
2026-10-07,2026-10-06,TSN,Tyson Foods,Other,51.85,43.9,0.11,0.2643,51.80,54.80,-0.492,2.01,99.25,0.5700,2.6123,0.2126,-9.7947,15.6675,0.5045,0.0762,-0.2981,-1.9673,,15.11,NORMAL,0.0,8.0,10.0,14.0,32.0,2,QUANT_FAIL,phase1.v1
2026-10-07,2026-10-05,TTWO,Take-Two Interactive,Other,202.53,37.4,-2.57,0.6290,207.87,224.81,-1.308,3.00,35.24,0.9400,-0.1233,-5.0448,-17.0299,31.0507,0.8336,-1.0100,0.2273,-7.0115,,15.77,NORMAL,0.0,14.0,10.0,14.0,38.0,2,QUANT_FAIL,phase1.v1
2026-10-07,2026-10-06,TXN,Texas Instruments,Technology,287.53,60.1,4.59,2.6016,274.92,271.41,3.136,2.82,71.79,0.6500,2.6563,9.9163,-5.8976,30.7990,0.4478,1.1671,1.4318,7.7364,5.03,15.11,NORMAL,34.0,8.0,13.0,20.0,75.0,2,EVENT_HARD_AVOID,phase1.v1
2026-10-07,2026-10-06,TXT,Textron,Other,73.21,26.8,-6.12,-0.1188,77.98,82.01,-1.153,2.40,2.30,0.6500,-3.9239,-8.3615,-18.2011,20.5200,0.5828,-2.6556,0.6226,-10.5414,,15.11,NORMAL,0.0,4.0,5.0,14.0,23.0,1,TECH_FAIL,phase1.v1
2026-10-07,2026-10-06,UAL,United Airlines Holdings,Other,109.75,46.0,-0.74,0.2547,110.57,115.24,0.553,3.55,19.03,0.8300,-1.0861,2.4505,-8.8118,33.9280,0.9077,-0.2587,2.2481,0.2706,,15.11,NORMAL,27.0,8.0,10.0,18.0,63.0,2,PASS_PRE_AI,phase1.v1
2026-10-07,2026-10-06,UBER,Uber,Other,68.54,40.2,-1.99,0.0412,69.94,73.08,-2.051,2.54,66.12,0.4700,0.0511,-3.5664,-4.9043,19.3739,0.4057,-1.0693,0.5356,-5.7463,,15.11,NORMAL,0.0,4.0,5.0,14.0,23.0,1,TECH_FAIL,phase1.v1
2026-10-07,2026-10-06,UNH,UnitedHealth Group,Healthcare,376.60,45.7,0.21,1.2003,375.80,391.03,-1.611,2.29,82.19,0.6800,2.5921,-4.1889,-11.4290,18.9220,0.6261,-0.0050,0.2542,-6.3688,-0.48,15.11,NORMAL,23.0,7.0,15.0,15.0,60.0,3,SECTOR_RS_FAIL,phase1.v1
2026-10-07,2026-10-05,UNP,Union Pacific Corporation,Other,276.61,42.0,-0.48,0.6463,277.95,289.50,-1.262,1.75,100.37,0.9200,0.8973,-4.1047,-4.3302,18.3031,0.9169,-0.3475,-0.2352,-6.0715,,15.77,NORMAL,0.0,8.0,10.0,14.0,32.0,2,QUANT_FAIL,phase1.v1
2026-10-07,2026-10-06,UPS,United Parcel Service,Other,92.74,33.6,-3.55,-0.0059,96.15,100.86,-2.167,2.07,40.85,0.7100,-0.7491,-6.5309,-18.4130,28.3670,0.6334,-1.0939,0.5622,-8.7109,,15.11,NORMAL,0.0,4.0,5.0,14.0,23.0,1,TECH_FAIL,phase1.v1
2026-10-07,2026-10-06,USB,U.S. Bancorp,Other,56.17,26.2,-5.31,-0.2067,59.33,61.71,-2.359,1.94,18.42,0.6300,-2.7441,-9.5556,-9.5993,19.4743,0.6325,-1.7782,0.8906,-11.7355,,15.11,NORMAL,0.0,8.0,5.0,14.0,27.0,1,TECH_FAIL,phase1.v1
2026-10-07,2026-10-06,V,Visa Inc.,Financials,373.51,57.1,1.58,0.4985,367.70,369.25,-0.459,1.57,111.29,0.4700,3.9462,1.6658,4.9127,17.3429,0.3872,1.3103,0.1584,-0.5141,-7.68,15.11,NORMAL,0.0,8.0,10.0,11.0,29.0,2,QUANT_FAIL,phase1.v1
2026-10-07,2026-10-06,VICI,Vici Properties,Other,22.57,25.5,-4.55,-0.0413,23.64,25.13,-2.867,1.70,17.37,0.5300,-1.7632,-10.4919,-14.1362,16.1035,0.4443,-1.4007,0.1423,-12.6718,,15.11,NORMAL,0.0,8.0,5.0,14.0,27.0,1,TECH_FAIL,phase1.v1
2026-10-07,2026-10-06,VLO,Valero Energy,Other,423.05,71.3,6.53,1.2176,397.12,362.19,2.544,3.57,106.22,0.5100,9.1419,8.7659,40.3460,38.1130,0.3182,2.0276,-0.1832,6.5860,,15.11,NORMAL,0.0,8.0,10.0,14.0,32.0,2,QUANT_FAIL,phase1.v1
2026-10-07,2026-10-06,VMRK,Vivmark Residential,Other,59.59,31.8,-3.95,-0.1002,62.04,64.43,-2.082,2.07,44.32,0.3800,-1.9256,-8.2949,-13.2858,21.4021,0.3202,-1.3074,0.0841,-10.4748,,15.11,NORMAL,0.0,8.0,5.0,14.0,27.0,1,TECH_FAIL,phase1.v1
2026-10-07,2026-10-06,VRSN,Verisign,Other,297.30,57.2,1.42,-0.0110,293.14,290.22,0.228,2.38,102.57,1.4400,5.4218,3.6105,10.5821,22.1722,1.7377,0.6161,0.2285,1.4306,,15.11,NORMAL,16.0,11.0,23.0,18.0,68.0,4,PASS_PRE_AI,phase1.v1
2026-10-07,2026-10-06,VRT,Vertiv,Utilities,244.20,44.6,-1.18,1.1674,247.11,258.84,-2.187,4.70,48.73,1.0600,1.1976,-7.1094,-19.5599,49.2179,0.7792,-0.5497,3.0550,-9.2894,-5.48,15.11,NORMAL,0.0,8.0,5.0,11.0,24.0,1,TECH_FAIL,phase1.v1
2026-10-07,2026-10-06,VST,Vistra Corp.,Utilities,166.55,75.5,16.19,2.7193,143.34,143.37,0.417,3.92,113.48,0.9000,20.3831,10.2250,5.1253,50.5962,1.6213,4.3017,0.9197,8.0451,-5.48,15.11,NORMAL,20.0,11.0,23.0,15.0,69.0,4,SECTOR_RS_FAIL,phase1.v1
2026-10-07,2026-10-06,VTR,Ventas,Other,80.29,21.3,-6.90,-0.5442,86.24,89.60,-2.401,2.18,-0.19,0.4900,-5.5634,-10.1701,-13.1061,16.7067,0.5057,-2.5972,-0.4089,-12.3500,,15.11,NORMAL,0.0,8.0,5.0,14.0,27.0,1,TECH_FAIL,phase1.v1
2026-10-07,2026-10-06,VTRS,Viatris,Other,17.49,54.9,1.17,-0.0081,17.29,16.94,1.079,2.59,9.84,0.5000,-1.2980,6.0000,7.2348,20.3166,0.4490,0.4646,0.2492,3.8201,,15.11,NORMAL,0.0,8.0,5.0,14.0,27.0,1,TECH_FAIL,phase1.v1
2026-10-07,2026-10-06,VZ,Verizon,Communication,46.01,35.9,-3.43,-0.1958,47.64,48.24,-2.193,1.85,36.44,0.4200,0.2943,-7.5090,8.3235,21.2283,0.3988,-0.9327,0.0299,-9.6890,-1.33,15.11,NORMAL,0.0,8.0,5.0,11.0,24.0,1,TECH_FAIL,phase1.v1
2026-10-07,2026-10-06,WDC,Western Digital,Other,402.89,39.0,-8.61,-3.1953,440.87,461.64,-2.045,7.08,3.08,0.4600,-11.3475,-16.4614,-28.4794,64.7219,0.6939,-2.0094,1.4702,-18.6413,,15.11,NORMAL,35.0,8.0,10.0,16.0,69.0,2,PASS_PRE_AI,phase1.v1
2026-10-07,2026-10-05,WELL,Welltower,Other,225.78,38.9,-2.44,-0.6970,231.43,234.65,-1.253,2.15,11.18,0.8400,-3.0571,-4.8346,-3.7391,15.4239,0.8169,-1.8610,-0.1775,-6.8013,,15.77,NORMAL,0.0,8.0,10.0,14.0,32.0,2,QUANT_FAIL,phase1.v1
2026-10-07,2026-10-06,WFC,Wells Fargo,Financials,79.97,34.4,-4.79,-0.2956,84.00,85.82,-2.464,2.29,62.34,0.6600,-0.0937,-10.8119,-6.2317,23.0338,0.6623,-1.2013,0.9265,-12.9918,-7.68,15.11,NORMAL,27.0,8.0,10.0,15.0,60.0,2,SECTOR_RS_FAIL,phase1.v1
2026-10-07,2026-10-06,WM,Waste Management,Other,210.41,47.6,0.48,0.6309,209.41,218.01,-1.474,1.61,107.88,0.5400,3.1851,-2.7837,-10.1827,16.7046,0.6029,0.1496,-0.4473,-4.9636,,15.11,NORMAL,25.0,8.0,15.0,18.0,66.0,3,PASS_PRE_AI,phase1.v1
2026-10-07,2026-10-06,WMB,Williams Companies,Other,71.61,51.2,1.02,0.2247,70.89,72.11,-1.375,2.58,100.36,0.4300,5.3553,-4.7106,-5.7515,20.9124,0.4289,0.3215,0.0890,-6.8905,,15.11,NORMAL,25.0,8.0,10.0,18.0,61.0,2,PASS_PRE_AI,phase1.v1
2026-10-07,2026-10-06,WMT,Walmart,Consumer Staples,108.21,53.1,0.98,0.0829,107.16,108.58,-0.211,2.00,70.93,0.4400,4.1282,2.2489,-4.8285,22.1377,0.4570,0.6382,0.1805,0.0690,-2.85,15.11,NORMAL,17.0,8.0,10.0,15.0,50.0,2,QUANT_FAIL,phase1.v1
2026-10-07,2026-10-06,WRB,W. R. Berkley Corporation,Other,70.28,57.5,1.72,0.2561,69.09,69.74,0.083,1.84,102.21,0.5100,4.0569,0.5292,-2.3618,16.4724,0.3297,0.9561,-0.5079,-1.6507,,15.11,NORMAL,30.0,8.0,15.0,18.0,71.0,3,PASS_PRE_AI,phase1.v1
2026-10-07,2026-10-06,WY,Weyerhaeuser,Other,18.55,18.2,-9.13,-0.1261,20.41,22.73,-5.078,2.78,14.80,0.8500,-2.6509,-17.9062,-22.0798,25.4237,1.1336,-1.4273,0.3927,-20.0861,,15.11,NORMAL,20.0,8.0,10.0,18.0,56.0,2,PASS_PRE_AI,phase1.v1
2026-10-07,2026-10-06,WYNN,Wynn Resorts,Other,75.18,24.6,-7.66,-0.1112,81.42,91.42,-4.399,3.49,6.56,0.6500,-5.3506,-16.6796,-21.6058,23.5137,0.6593,-1.6446,0.1049,-18.8595,,15.11,NORMAL,0.0,8.0,10.0,14.0,32.0,2,QUANT_FAIL,phase1.v1
2026-10-07,2026-10-06,XEL,Xcel Energy,Other,72.70,48.5,1.00,0.3862,71.98,75.29,-1.490,1.76,118.94,0.4600,3.1498,-4.5807,-9.3177,19.4180,0.4201,0.2740,0.3078,-6.7606,,15.11,NORMAL,22.0,8.0,15.0,18.0,63.0,3,PASS_PRE_AI,phase1.v1
2026-10-07,2026-10-06,XYL,Xylem Inc.,Other,102.55,39.0,-2.11,0.2390,104.76,111.09,-1.159,2.48,70.66,0.6100,1.2640,-4.7287,-15.6314,24.1988,0.5827,-0.8428,0.4698,-6.9086,,15.11,NORMAL,27.0,8.0,15.0,18.0,68.0,3,PASS_PRE_AI,phase1.v1
2026-10-07,2026-10-06,XYZ,"Block, Inc.",Other,76.28,47.2,-0.09,0.1773,76.35,79.41,-1.969,2.91,101.80,0.4300,3.7400,-3.9295,-4.6381,27.7773,0.4233,-0.1136,1.7656,-6.1094,,15.11,NORMAL,0.0,8.0,5.0,14.0,27.0,1,TECH_FAIL,phase1.v1
2026-10-07,2026-10-06,YUM,Yum! Brands,Other,140.51,47.9,1.03,0.5314,139.08,146.07,-2.079,2.20,92.56,0.5400,3.0585,-3.2034,-11.1708,27.6785,0.4798,0.4029,-0.0137,-5.3833,,15.11,NORMAL,24.0,8.0,15.0,18.0,65.0,3,PASS_PRE_AI,phase1.v1
2026-10-07,2026-10-06,ZTS,Zoetis,Other,71.97,48.5,0.48,0.1686,71.63,74.10,-1.488,2.56,97.68,0.5700,3.0647,-1.8277,-2.8350,20.2125,0.5539,0.1997,-0.1375,-4.0076,,15.11,NORMAL,22.0,8.0,15.0,18.0,63.0,3,PASS_PRE_AI,phase1.v1
