Date,Ticker,Name,Tag,Score,Price,RSI,Bias,Hold_Period,Stop_Loss,Stop_Method,Trail_Stop,Exit_Date,Exit_Price,Status,Close_Price,技术评分,技术确认数,技术确认信号,估值评分,PE_TTM,PE_Forward,EPS_TTM,PB,Revenue_Growth,Earnings_Growth,ROE,Profit_Margin,Market_Cap,Avg_Dollar_Volume_20D,Fundamental_Score,Event_Score,Technical_Score_25,Risk_Liquidity_Score,Quant_Score,AI_Score,Final_Score,MA20,MA50,ATR_Pct,MACD金叉,周线共振,KDJ_J回升,量能放大,周期共振,Market_Regime,VIX,Sector_RS_20D_Pct,Review_Risk_Status,Review_Risk_Date,Review_Stop_Distance_Pct,Review_Risk_Note,Observation_Status,Observation_End_Reason
2026-05-27 00:00:00,AMZN,AMAZON.COM,Core_Dragon,84.2,265.29,56.6,-0.75,10-15天,跌破 255.00 美元（约-4%）,,,2026-09-29,246.71,Stop_Loss_Hit,,,,,,,,,,,,,,,,,,,,,,,,,,,,,,,,,,STOP_TRIGGERED,2026-09-29,-3.38,今日最低价 245.14 已触及/跌破移动止损 255.00；次日 Scan 禁止重新推荐。,,
2026-05-27 00:00:00,BBAI,BIGBEAR AI HOLDINGS,Core_Dragon,83.9,4.18,54.3,1.12,10-15天,跌破 255.00 美元（约-4%）,,,2026-06-30,3.60,Stop_Loss_Hit,,,,,,,,,,,,,,,,,,,,,,,,,,,,,,,,,,,,,,,
2026-05-27 00:00:00,ONDS,ONDS,Core_Dragon,83.2,9.77,50.7,1.75,10-15天,跌破 255.00 美元（约-4%）,,,2026-06-30,8.02,Stop_Loss_Hit,,,,,,,,,,,,,,,,,,,,,,,,,,,,,,,,,,,,,,,
2026-05-27 00:00:00,SCO,SCO,Observation,81.7,6.65,47.1,3.27,2-4天短打,跌破 6.30 美元 5. 特斯拉 (TSLA) - 评分:79.8分:,,,2026-07-06,35.62,Dropped,,,,,,,,,,,,,,,,,,,,,,,,,,,,,,,,,,,,,,,
2026-05-27 00:00:00,TSLA,TSLA,Observation,79.8,433.59,60.8,5.24,观望等待回撤,跌破 415.00 美元 6. UIPATH (PATH) - 评分:79.5分:,,,2026-06-30,411.84,Stop_Loss_Hit,,,,,,,,,,,,,,,,,,,,,,,,,,,,,,,,,,,,,,,
2026-05-27 00:00:00,PATH,PATH,Observation,79.5,11.09,56.7,5.47,5-7天,跌破 10.20 美元 7. 派乐腾 (PTON) - 评分:77.4分:,,,2026-06-30,10.68,Period_Matured,,,,,,,,,,,,,,,,,,,,,,,,,,,,,,,,,,,,,,,
2026-05-27 00:00:00,OPEN,OPEN,Observation,76.8,4.48,40.8,-8.18,坚决观望,若持有则跌破 4.00 必须斩仓 9. TERAWULF (WULF) - 评分:74.0分:,,,2026-07-24,3.85,Dropped,,,,,,,,,,,,,,,,,,,,,,,,,,,,,,,,,,,,,,,
2026-05-27 00:00:00,WULF,WULF,Observation,74.0,25.18,63.9,11.02,10-15天,跌破 255.00 美元（约-4%）,,,2026-06-30,25.58,Stop_Loss_Hit,,,,,,,,,,,,,,,,,,,,,,,,,,,,,,,,,,,,,,,
2026-05-27 00:00:00,PLUG,PLUG,Observation,73.3,3.84,63.4,11.68,10-15天,跌破 255.00 美元（约-4%）,,,2026-06-30,2.59,Stop_Loss_Hit,,,,,,,,,,,,,,,,,,,,,,,,,,,,,,,,,,,,,,,
2026-05-27 00:00:00,WMT,WMT,Trap_Warning,-33.2,118.57,31.8,-8.19,10-15天,跌破 255.00 美元（约-4%）,,,2026-06-30,114.60,Stop_Loss_Hit,,,,,,,,,,,,,,,,,,,,,,,,,,,,,,,,,,,,,,,
2026-05-27 00:00:00,CPSH,CPS TECHNOLOGIES,Trap_Warning,-91.7,11.12,82.0,126.66,坚决空仓,绝对规避,,,2026-06-30,5.57,Dropped,,,,,,,,,,,,,,,,,,,,,,,,,,,,,,,,,,,,,,,
2026-05-28 00:00:00,RGBP,RGBP,Core_Dragon,nan,0.00,37.8,nan,坚决空仓,绝对规避,,,N/A,N/A,Active,,,,,,,,,,,,,,,,,,,,,,,,,,,,,,,,,,,,,,,
2026-05-28 00:00:00,AMZN,AMAZON.COM,Core_Dragon,83.5,271.85,62.7,1.47,坚决空仓,252.12,MA20/MA50 + ATR + MACD/KDJ,252.12,N/A,N/A,Active,,,,,,,,,,,,,,,,,,,,,,,251.63,258.01,2.04,,,,,,,,,STOP_NEAR,2026-10-08,0.76,收盘距离移动止损约 0.76%，次日 Scan 强提醒。,,
2026-05-28 00:00:00,EEM,EEM,Core_Dragon,81.3,68.39,64.2,3.69,坚决空仓,绝对规避,,,2026-07-20,63.29,Dropped,,,,,,,,,,,,,,,,,,,,,,,,,,,,,,,,,,,,,,,
2026-05-28 00:00:00,TSLA,TSLA,Observation,78.9,440.36,63.0,6.05,3-5天短打,跌破420美元 6. 彭博原油两倍做空ETF (SCO) - 评分:78.2分:,,,2026-06-30,411.84,Stop_Loss_Hit,,,,,,,,,,,,,,,,,,,,,,,,,,,,,,,,,,,,,,,
2026-05-28 00:00:00,SCO,SCO,Observation,78.2,6.87,50.6,6.78,日内/隔夜,跌破6.5美元 7. 捷蓝航空 (JBLU) - 评分:74.3分:,,,2026-07-06,35.62,Dropped,,,,,,,,,,,,,,,,,,,,,,,,,,,,,,,,,,,,,,,
2026-05-28 00:00:00,MARA,MARA,Observation,72.7,14.33,68.5,12.32,1-3天动量交易,跌破13.5美元 10. DVLT (DVLT) - 评分:72.0分:,,,2026-06-30,14.03,Period_Matured,,,,,,,,,,,,,,,,,,,,,,,,,,,,,,,,,,,,,,,
2026-05-28 00:00:00,DVLT,DVLT,Observation,72.0,0.47,40.0,-13.04,坚决空仓,绝对规避 🚨 诱多对照组（严禁接盘） 倒数1. QTTB (QTTB): ❌,,,2026-06-30,0.33,Dropped,,,,,,,,,,,,,,,,,,,,,,,,,,,,,,,,,,,,,,,
2026-05-28 00:00:00,QTTB,QTTB,Trap_Warning,-77.7,12.85,83.5,112.73,坚决空仓,绝对规避,,,2026-07-07,12.86,Dropped,,,,,,,,,,,,,,,,,,,,,,,,,,,,,,,,,,,,,,,
2026-05-28 00:00:00,NCPL,NCPL,Trap_Warning,-162.3,1.57,93.2,197.35,坚决空仓,绝对规避,,,2026-06-30,0.58,Dropped,,,,,,,,,,,,,,,,,,,,,,,,,,,,,,,,,,,,,,,
2026-06-02 00:00:00,AIM,AIM IMMUNOTECH,Trap_Warning,-97.9,0.90,72.5,132.86,坚决空仓,绝对规避,,,2026-06-30,0.30,Dropped,,,,,,,,,,,,,,,,,,,,,,,,,,,,,,,,,,,,,,,
2026-06-02 00:00:00,OTLK,OTLK,Trap_Warning,-104.3,0.84,87.8,139.32,坚决空仓,绝对规避,,,2026-07-07,1.42,Dropped,,,,,,,,,,,,,,,,,,,,,,,,,,,,,,,,,,,,,,,
2026-06-02 00:00:00,WBD,WBD,Core_Dragon,84.6,27.25,52.9,0.45,5-12天,-5%,,,2026-06-30,27.13,Period_Matured,,,,,,,,,,,,,,,,,,,,,,,,,,,,,,,,,,,,,,,
2026-06-02 00:00:00,TLT,TLT,Core_Dragon,84.4,85.47,51.5,0.62,5-12天,-5%,,,2026-06-30,87.45,Period_Matured,,,,,,,,,,,,,,,,,,,,,,,,,,,,,,,,,,,,,,,
2026-06-02 00:00:00,TSDD,TSDD,Core_Dragon,84.2,7.68,46.3,0.85,5-12天,-5%,,,2026-06-30,7.32,Period_Matured,,,,,,,,,,,,,,,,,,,,,,,,,,,,,,,,,,,,,,,
2026-06-02 00:00:00,AVGO,BROADCOM,Observation,76.7,459.97,69.8,8.27,5-12天,-5%,,,2026-06-30,372.45,Stop_Loss_Hit,,,,,,,,,,,,,,,,,,,,,,,,,,,,,,,,,,,,,,,
2026-06-03 00:00:00,GOVT,GOVT,Observation,60.0,22.70,46.9,0.02,仅作现金替代配置,非交易标的，无需设止损 10. Amaze控股 (AMZE) - 评分:55.8分:,,,2026-07-10,22.60,Dropped,,,,,,,,,,,,,,,,,,,,,,,,,,,,,,,,,,,,,,,
2026-06-03 00:00:00,AMZE,AMAZE HOLDINGS (ASE),Observation,55.8,0.16,49.6,4.23,纯观望不参与,不建议任何仓位 🚨 诱多对照组（严禁接盘） 倒数1. MicroVision (MVIS): ❌,,,2026-06-30,0.13,Dropped,,,,,,,,,,,,,,,,,,,,,,,,,,,,,,,,,,,,,,,
2026-06-03 00:00:00,MVIS,MVIS,Trap_Warning,-59.0,0.41,29.5,-34.03,坚决空仓,绝对规避,,,2026-06-30,0.30,Dropped,,,,,,,,,,,,,,,,,,,,,,,,,,,,,,,,,,,,,,,
2026-06-03 00:00:00,HIRU,HIRU,Trap_Warning,nan,0.00,15.4,nan,坚决空仓,绝对规避,,,N/A,N/A,Active,,,,,,,,,,,,,,,,,,,,,,,,,,,,,,,,,,,,,,,
2026-06-03 00:00:00,FXI,FXI,Core_Dragon,84.9,36.36,51.5,-0.08,5-15天,$34.80,,,2026-06-30,31.71,Stop_Loss_Hit,,,,,,,,,,,,,,,,,,,,,,,,,,,,,,,,,,,,,,,
2026-06-03 00:00:00,GRAB,GRAB,Core_Dragon,84.8,3.60,46.3,-0.19,5-15天,3.42,,,2026-06-30,3.74,Stop_Loss_Hit,,,,,,,,,,,,,,,,,,,,,,,,,,,,,,,,,,,,,,,
2026-06-03 00:00:00,NVDA,NVDA,Core_Dragon,82.8,222.82,58.8,2.22,5-15天,$34.80,,,2026-07-08,196.93,Period_Matured,,,,,,,,,,,,,,,,,,,,,,,,,,,,,,,,,,,,,,,
2026-06-03 00:00:00,IREN,IREN,Observation,70.7,66.60,63.1,14.34,5-15天,$34.80,,,2026-06-30,45.91,Period_Matured,,,,,,,,,,,,,,,,,,,,,,,,,,,,,,,,,,,,,,,
2026-06-03 00:00:00,RIVN,RIVN,Observation,66.3,17.29,69.0,18.72,5-15天,16.43,,,2026-06-30,16.81,Stop_Loss_Hit,,,,,,,,,,,,,,,,,,,,,,,,,,,,,,,,,,,,,,,
2026-06-03 00:00:00,CIFR,CIPHER MINING,Observation,64.7,26.29,68.8,20.31,5-15天,$34.80,,,2026-06-30,24.83,Stop_Loss_Hit,,,,,,,,,,,,,,,,,,,,,,,,,,,,,,,,,,,,,,,
2026-06-04 00:00:00,XLE,XLE,Core_Dragon,83.9,58.71,53.3,1.15,20-40天,62.08,MA20/MA50 + ATR + MACD/KDJ,62.08,N/A,N/A,Active,,,,,,,,,,,,,,,,,,,,,,,63.16,62.14,1.86,,,,,,,,,CLEAR,2026-10-08,4.84,本次 Review 未发现触及或接近移动止损。,,
2026-06-04 00:00:00,SNXX,SNXX,Trap_Warning,-107.0,31.10,31.8,-81.95,坚决空仓,绝对规避,,,2026-07-06,23.90,Dropped,,,,,,,,,,,,,,,,,,,,,,,,,,,,,,,,,,,,,,,
2026-06-04 00:00:00,ANY,SPHERE 3D,Trap_Warning,-107.7,5.65,86.6,142.7,坚决空仓,绝对规避,,,2026-06-30,2.71,Dropped,,,,,,,,,,,,,,,,,,,,,,,,,,,,,,,,,,,,,,,
2026-06-04 00:00:00,TZA,TZA,Observation,81.2,4.43,40.6,-3.81,仅日内/隔夜对冲,跌破 $4.25 即离场] 10. 越洋钻探 (RIG) - 评分:78.5分:,,,2026-06-30,3.85,Stop_Loss_Hit,,,,,,,,,,,,,,,,,,,,,,,,,,,,,,,,,,,,,,,
2026-06-05 00:00:00,BYND,BEYOND MEAT,Core_Dragon,84.9,0.79,48.8,-0.06,3-7天,$0.68,,,2026-06-30,0.71,Period_Matured,,,,,,,,,,,,,,,,,,,,,,,,,,,,,,,,,,,,,,,
2026-06-05 00:00:00,AUUD,AUDDIA,Core_Dragon,84.3,1.48,45.5,-0.74,3-7天,$0.68,,,2026-06-30,1.26,Period_Matured,,,,,,,,,,,,,,,,,,,,,,,,,,,,,,,,,,,,,,,
2026-06-05 00:00:00,SCHD,SCHD,Core_Dragon,83.7,32.59,63.3,1.35,10-20天,$31.50,,,2026-06-30,31.93,Period_Matured,,,,,,,,,,,,,,,,,,,,,,,,,,,,,,,,,,,,,,,
2026-06-05 00:00:00,UBER,UBER,Observation,83.3,72.21,46.4,-1.74,3-7天,$0.68,,,2026-06-30,75.50,Period_Matured,,,,,,,,,,,,,,,,,,,,,,,,,,,,,,,,,,,,,,,
2026-06-05 00:00:00,OWL,OWL,Observation,83.0,10.19,54.0,2.0,5-10天,$9.60,,,2026-06-30,8.52,Stop_Loss_Hit,,,,,,,,,,,,,,,,,,,,,,,,,,,,,,,,,,,,,,,
2026-06-05 00:00:00,META,META,Observation,82.8,627.57,53.1,2.23,3-7天,$0.68,,,2026-06-30,562.60,Period_Matured,,,,,,,,,,,,,,,,,,,,,,,,,,,,,,,,,,,,,,,
2026-06-05 00:00:00,BTG,B2GOLD (ASE),Observation,79.7,4.58,45.5,-5.34,5-10天,$4.20,,,2026-06-30,3.79,Stop_Loss_Hit,,,,,,,,,,,,,,,,,,,,,,,,,,,,,,,,,,,,,,,
2026-06-05 00:00:00,EDGM,EDGM,Observation,nan,0.00,6.7,nan,永久回避,不适用(禁止建仓) 🚨 诱多对照组（严禁接盘） 倒数1. VIVK (VIVK): ❌,,,2026-09-23,N/A,Observation_Closed,,,,,,,,,,,,,,,,,,,,,,,,,,,,,,,,,,,,,,,
2026-06-05 00:00:00,VIVK,VIVK,Trap_Warning,-64.7,0.85,36.5,-39.69,坚决空仓,绝对规避,,,2026-06-30,0.34,Dropped,,,,,,,,,,,,,,,,,,,,,,,,,,,,,,,,,,,,,,,
2026-06-05 00:00:00,INDP,INDP,Trap_Warning,-132.9,4.75,82.4,167.91,坚决空仓,绝对规避,,,2026-06-30,3.06,Dropped,,,,,,,,,,,,,,,,,,,,,,,,,,,,,,,,,,,,,,,
2026-06-08 00:00:00,SPDN,SPDN,Core_Dragon,83.7,8.84,50.8,1.25,3-7天,8.31,MA20/MA50 + ATR + MACD/KDJ,8.31,2026-10-06,8.31,Stop_Loss_Hit,,,,,,,,,,,,,,,,,,,,,,,8.45,8.44,0.97,,,,,,,,,STOP_TRIGGERED,2026-10-06,-0.12,今日最低价 8.28 已触及/跌破移动止损 8.31；次日 Scan 禁止重新推荐。,,
2026-06-08 00:00:00,XLF,XLF,Core_Dragon,83.4,52.30,58.2,1.56,3-7天,53.11,MA20/MA50 + ATR + MACD/KDJ,53.11,2026-10-01,53.11,Stop_Loss_Hit,,,,,,,,,,,,,,,,,,,,,,,56.26,56.83,1.37,,,,,,,,,STOP_TRIGGERED,2026-10-01,0.65,今日最低价 52.81 已触及/跌破移动止损 53.11；次日 Scan 禁止重新推荐。,,
2026-06-08 00:00:00,SRXH,SRXH,Observation,56.4,0.12,48.3,-3.61,坚决观望,绝对不参与，流动性陷阱 9. 超微电脑 (SMCI) - 评分:50.0分:,,,2026-06-30,0.09,Dropped,,,,,,,,,,,,,,,,,,,,,,,,,,,,,,,,,,,,,,,
2026-06-08 00:00:00,HL,HL,Trap_Warning,-42.1,14.78,33.8,-17.1,坚决空仓,绝对规避,,,2026-07-07,16.46,Dropped,,,,,,,,,,,,,,,,,,,,,,,,,,,,,,,,,,,,,,,
2026-06-08 00:00:00,OPTT,OPTT,Trap_Warning,-43.4,0.29,35.3,-18.42,坚决空仓,绝对规避,,,2026-06-30,0.27,Dropped,,,,,,,,,,,,,,,,,,,,,,,,,,,,,,,,,,,,,,,
2026-06-09 00:00:00,INTC,INTC,Core_Dragon,0,110.27,53.1,-4.25,3-7天,$105.00,,,2026-06-30,131.72,Period_Matured,,,,,,,,,,,,,,,,,,,,,,,,,,,,,,,,,,,,,,,
2026-06-09 00:00:00,EWY,EWY,Core_Dragon,0,185.64,49.8,-3.52,3-7天,$105.00,,,2026-06-30,197.50,Period_Matured,,,,,,,,,,,,,,,,,,,,,,,,,,,,,,,,,,,,,,,
2026-06-09 00:00:00,NOTV,NOTV,Core_Dragon,0,0.11,33.8,-55.56,3-7天,0.10,,,2026-06-30,0.08,Dropped,,,,,,,,,,,,,,,,,,,,,,,,,,,,,,,,,,,,,,,
2026-06-10 00:00:00,NVDA,NVIDIA,Core_Dragon,0,206.16,45.0,-5.12,3-7天,$195.00,,,2026-07-08,196.93,Period_Matured,,,,,,,,,,,,,,,,,,,,,,,,,,,,,,,,,,,,,,,
2026-06-10 00:00:00,XOM,ExxonMobil,Core_Dragon,0,150.68,49.1,-1.01,3-8天,$146.50,,,2026-06-30,136.06,Period_Matured,,,,,,,,,,,,,,,,,,,,,,,,,,,,,,,,,,,,,,,
2026-06-10 00:00:00,DVN,Devon Energy,Core_Dragon,0,46.38,50.1,-0.08,3-8天,$44.50,,,2026-06-30,41.99,Period_Matured,,,,,,,,,,,,,,,,,,,,,,,,,,,,,,,,,,,,,,,
2026-06-11 00:00:00,DVN,Devon Energy,Core_Dragon,0,46.60,50.9,0.37,3-8天,$44.50,,,2026-06-30,41.99,Period_Matured,,,,,,,,,,,,,,,,,,,,,,,,,,,,,,,,,,,,,,,
2026-06-11 00:00:00,C,Citigroup,Core_Dragon,0,133.38,61.0,4.53,3-8天,$44.50,,,2026-06-30,142.49,Period_Matured,,,,,,,,,,,,,,,,,,,,,,,,,,,,,,,,,,,,,,,
2026-06-12 00:00:00,CCL,Carnival Corporation,Core_Dragon,0,28.12,56.3,5.39,5-10天,$26.50,,,2026-06-30,29.19,Period_Matured,,,,,,,,,,,,,,,,,,,,,,,,,,,,,,,,,,,,,,,
2026-06-12 00:00:00,HAL,Halliburton,Core_Dragon,0,39.76,48.0,-2.03,5-10天,$26.50,,,2026-06-30,34.09,Period_Matured,,,,,,,,,,,,,,,,,,,,,,,,,,,,,,,,,,,,,,,
2026-06-12 00:00:00,DVN,Devon Energy,Core_Dragon,0,44.61,43.8,-3.68,5-10天,$26.50,,,2026-06-30,41.99,Period_Matured,,,,,,,,,,,,,,,,,,,,,,,,,,,,,,,,,,,,,,,
2026-06-12 00:00:00,XOM,ExxonMobil,Core_Dragon,0,146.60,43.0,-3.57,5-10天,$26.50,,,2026-06-30,136.06,Period_Matured,,,,,,,,,,,,,,,,,,,,,,,,,,,,,,,,,,,,,,,
2026-06-16 00:00:00,CCL,Carnival Corporation,Core_Dragon,0,29.18,60.5,8.52,5-10天,$27.30,,,2026-06-30,29.19,Period_Matured,,,,,,,,,,,,,,,,,,,,,,,,,,,,,,,,,,,,,,,
2026-06-16 00:00:00,HAL,Halliburton,Core_Dragon,0,39.60,47.1,-2.24,5-10天,$27.30,,,2026-06-30,34.09,Period_Matured,,,,,,,,,,,,,,,,,,,,,,,,,,,,,,,,,,,,,,,
2026-06-16 00:00:00,DVN,Devon Energy,Core_Dragon,0,44.99,46.6,-1.96,5-10天,$27.30,,,2026-06-30,41.99,Period_Matured,,,,,,,,,,,,,,,,,,,,,,,,,,,,,,,,,,,,,,,
2026-06-16 00:00:00,XOM,ExxonMobil,Core_Dragon,0,147.01,43.7,-3.15,5-10天,$27.30,,,2026-06-30,136.06,Period_Matured,,,,,,,,,,,,,,,,,,,,,,,,,,,,,,,,,,,,,,,
2026-06-17 00:00:00,QCOM,Qualcomm,Core_Dragon,0,214.07,51.3,-3.99,15-30天,203.37,,,2026-06-30,188.72,Stop_Loss_Hit,,,,,,,,,,,,,,,,,,,,,,,,,,,,,,,,,,,,,,,
2026-06-17 00:00:00,MU,Micron Technology,Core_Dragon,0,1020.76,60.5,9.97,15-30天,969.72,,,2026-07-06,975.56,Stop_Loss_Hit,,,,,,,,,,,,,,,,,,,,,,,,,,,,,,,,,,,,,,,
2026-06-17 00:00:00,F,Ford Motor Company,Core_Dragon,0,14.41,49.4,-4.53,15-30天,13.69,,,2026-07-02,13.64,Dropped,,,,,,,,,,,,,,,,,,,,,,,,,,,,,,,,,,,,,,,
2026-06-17 00:00:00,HPE,Hewlett Packard Enterprise,Core_Dragon,0,48.88,64.7,11.88,15-30天,46.44,,,2026-06-30,44.41,Stop_Loss_Hit,,,,,,,,,,,,,,,,,,,,,,,,,,,,,,,,,,,,,,,
2026-06-17 00:00:00,HOOD,Robinhood Markets,Core_Dragon,0,98.12,65.3,16.99,15-30天,93.21,,,2026-07-08,112.90,Period_Matured,,,,,,,,,,,,,,,,,,,,,,,,,,,,,,,,,,,,,,,
2026-06-18 00:00:00,NVDA,Nvidia,Core_Dragon,0,204.65,45.5,-3.61,10-20天,194.42,,,2026-07-08,196.93,Period_Matured,,,,,,,,,,,,,,,,,,,,,,,,,,,,,,,,,,,,,,,
2026-06-18 00:00:00,HOOD,Robinhood Markets,Core_Dragon,0,105.20,69.4,21.76,10-20天,99.94,,,2026-07-08,112.90,Period_Matured,,,,,,,,,,,,,,,,,,,,,,,,,,,,,,,,,,,,,,,
2026-06-18 00:00:00,MU,Micron Technology,Core_Dragon,0,1043.19,61.7,10.33,10-20天,991.03,,,2026-07-06,975.56,Stop_Loss_Hit,,,,,,,,,,,,,,,,,,,,,,,,,,,,,,,,,,,,,,,
2026-06-19 00:00:00,F,Ford Motor Company,Core_Dragon,N/A,13.96,45.4,-7.79,10-20天,13.26,,,2026-07-02,13.64,Dropped,,,,,,,,,,,,,,,,,,,,,,,,,,,,,,,,,,,,,,,
2026-06-19 00:00:00,PFE,Pfizer,Core_Dragon,N/A,25.92,49.8,0.17,10-20天,24.62,,,2026-06-30,24.37,Stop_Loss_Hit,,,,,,,,,,,,,,,,,,,,,,,,,,,,,,,,,,,,,,,
2026-06-19 00:00:00,MU,Micron Technology,Core_Dragon,N/A,1043.19,61.7,10.33,10-20天,$965,,,2026-07-06,975.56,Stop_Loss_Hit,,,,,,,,,,,,,,,,,,,,,,,,,,,,,,,,,,,,,,,
2026-06-19 00:00:00,HOOD,Robinhood Markets,Core_Dragon,N/A,105.20,69.4,21.76,10-20天,99.94,,,2026-07-08,112.90,Period_Matured,,,,,,,,,,,,,,,,,,,,,,,,,,,,,,,,,,,,,,,
2026-06-19 00:00:00,MSTR,MicroStrategy,Core_Dragon,N/A,116.56,35.7,-15.29,10-20天,110.73,,,2026-09-29,152.43,Stop_Loss_Hit,,,,,,,,,,,,,,,,,,,,,,,,,,,,,,,,,,STOP_TRIGGERED,2026-09-29,1.45,今日最低价 152.34 已触及/跌破移动止损 152.43；次日 Scan 禁止重新推荐。,,
2026-06-22 00:00:00,PFE,Pfizer,Core_Dragon,92,25.21,39.3,-2.47,5-15天,23.95,,,2026-06-30,24.37,Stop_Loss_Hit,,,,,,,,,,,,,,,,,,,,,,,,,,,,,,,,,,,,,,,
2026-06-22 00:00:00,PLTR,Palantir Technologies,Core_Dragon,92,128.47,41.2,-6.92,5-15天,122.05,,,2026-06-30,115.70,Stop_Loss_Hit,,,,,,,,,,,,,,,,,,,,,,,,,,,,,,,,,,,,,,,
2026-06-22 00:00:00,AVGO,Broadcom,Core_Dragon,92,411.35,51.3,-0.58,5-15天,$395,,,2026-06-30,372.45,Stop_Loss_Hit,,,,,,,,,,,,,,,,,,,,,,,,,,,,,,,,,,,,,,,
2026-06-22 00:00:00,ACN,Accenture,Core_Dragon,92,127.98,20.9,-26.12,5-15天,121.58,,,2026-06-30,124.74,Stop_Loss_Hit,,,,,,,,,,,,,,,,,,,,,,,,,,,,,,,,,,,,,,,
2026-06-23 00:00:00,INTC,Intel,Core_Dragon,N/A,140.94,67.3,19.98,15-30天,$15.80,,,2026-06-30,131.72,Period_Matured,,,,,,,,,,,,,,,,,,,,,,,,,,,,,,,,,,,,,,,
2026-06-23 00:00:00,PFE,Pfizer,Core_Dragon,N/A,25.08,37.8,-2.81,15-30天,$15.80,,,2026-06-30,24.37,Stop_Loss_Hit,,,,,,,,,,,,,,,,,,,,,,,,,,,,,,,,,,,,,,,
2026-06-23 00:00:00,ORCL,Oracle Corporation,Core_Dragon,N/A,175.07,39.0,-14.38,15-30天,129.95,MA20/MA50 + ATR + MACD/KDJ,129.95,2026-09-30,135.03,Stop_Loss_Hit,,,,,,,,,,,,,,,,,,,,,,,147.72,142.37,5.46,,,,,,,,,STOP_TRIGGERED,2026-09-30,1.65,今日最低价 134.75 已触及/跌破移动止损 135.03；次日 Scan 禁止重新推荐。,,
2026-06-23 00:00:00,UBER,Uber,Core_Dragon,N/A,71.43,48.3,0.5,15-30天,$15.80,,,2026-06-30,75.50,Period_Matured,,,,,,,,,,,,,,,,,,,,,,,,,,,,,,,,,,,,,,,
2026-06-23 00:00:00,PCG,PG&E Corporation,Core_Dragon,N/A,16.63,50.2,0.19,15-30天,$15.80,,,2026-09-29,11.95,Stop_Loss_Hit,,,,,,,,,,,,,,,,,,,,,,,,,,,,,,,,,,STOP_TRIGGERED,2026-09-29,-29.72,今日最低价 11.77 已触及/跌破移动止损 15.80；次日 Scan 禁止重新推荐。,,
2026-06-23 00:00:00,SATS,EchoStar,Core_Dragon,N/A,106.40,38.1,-11.33,15-30天,$15.80,,,2026-07-01,101.50,Dropped,,,,,,,,,,,,,,,,,,,,,,,,,,,,,,,,,,,,,,,
2026-06-24 00:00:00,MU,Micron Technology,Core_Dragon,N/A,1051.77,57.0,4.85,5-10天,999.18,,,2026-07-06,975.56,Stop_Loss_Hit,,,,,,,,,,,,,,,,,,,,,,,,,,,,,,,,,,,,,,,
2026-06-24 00:00:00,CTSH,Cognizant,Core_Dragon,N/A,40.95,22.2,-20.12,5-10天,56.29,MA20/MA50 + ATR + MACD/KDJ,56.29,2026-10-02,59.05,Stop_Loss_Hit,,,,,,,,,,,,,,,,,,,,,,,60.32,57.81,3.55,,,,,,,,,STOP_TRIGGERED,2026-10-02,-0.92,今日最低价 58.21 已触及/跌破移动止损 59.05；次日 Scan 禁止重新推荐。,,
2026-06-24 00:00:00,ACN,Accenture,Core_Dragon,N/A,127.01,22.4,-24.38,5-10天,120.66,,,2026-06-30,124.74,Stop_Loss_Hit,,,,,,,,,,,,,,,,,,,,,,,,,,,,,,,,,,,,,,,
2026-06-24 00:00:00,MSTR,MicroStrategy,Core_Dragon,N/A,103.84,30.5,-19.73,5-10天,98.65,,,2026-09-29,152.43,Stop_Loss_Hit,,,,,,,,,,,,,,,,,,,,,,,,,,,,,,,,,,STOP_TRIGGERED,2026-09-29,1.45,今日最低价 152.34 已触及/跌破移动止损 152.43；次日 Scan 禁止重新推荐。,,
2026-06-25 00:00:00,PFE,Pfizer,Core_Dragon,N/A,24.04,27.7,-6.29,5-10天,22.84,,,2026-06-30,24.37,Stop_Loss_Hit,,,,,,,,,,,,,,,,,,,,,,,,,,,,,,,,,,,,,,,
2026-06-25 00:00:00,MU,Micron Technology,Core_Dragon,N/A,1048.51,56.8,3.74,5-10天,$980,,,2026-07-06,975.56,Stop_Loss_Hit,,,,,,,,,,,,,,,,,,,,,,,,,,,,,,,,,,,,,,,
2026-06-25 00:00:00,SLB,Schlumberger,Core_Dragon,N/A,46.61,26.3,-13.15,5-10天,44.28,,,2026-07-01,46.49,Dropped,,,,,,,,,,,,,,,,,,,,,,,,,,,,,,,,,,,,,,,
2026-06-25 00:00:00,HAL,Halliburton,Core_Dragon,N/A,33.90,26.9,-11.69,5-10天,32.21,,,2026-06-30,34.09,Period_Matured,,,,,,,,,,,,,,,,,,,,,,,,,,,,,,,,,,,,,,,
2026-06-25 00:00:00,BSX,Boston Scientific,Core_Dragon,N/A,44.46,29.7,-6.11,5-10天,42.00,,,2026-09-29,43.23,Stop_Loss_Hit,,,,,,,,,,,,,,,,,,,,,,,,,,,,,,,,,,STOP_TRIGGERED,2026-09-29,1.48,今日最低价 43.22 已触及/跌破移动止损 43.23；次日 Scan 禁止重新推荐。,,
2026-06-26 00:00:00,ORCL,Oracle Corporation,Core_Dragon,N/A,152.46,30.9,-23.55,10-20天,142.25,,,2026-09-29,132.79,Stop_Loss_Hit,,,,,,,,,,,,,,,,,,,,,,,,,,,,,,,,,,STOP_TRIGGERED,2026-09-29,-3.24,今日最低价 132.53 已触及/跌破移动止损 142.25；次日 Scan 禁止重新推荐。,,
2026-06-26 00:00:00,AMD,Advanced Micro Devices,Core_Dragon,N/A,532.57,58.5,3.97,10-20天,629.94,MA20/MA50 + ATR + MACD/KDJ,629.94,2026-10-08,629.94,Stop_Loss_Hit,,,,,,,,,,,,,,,,,,,,,,,581.38,518.82,3.9,,,,,,,,,STOP_TRIGGERED,2026-10-08,-1.49,今日最低价 613.34 已触及/跌破移动止损 629.94；次日 Scan 禁止重新推荐。,,
2026-07-30 00:00:00,KVUE,Kenvue,Core_Dragon,83,19.58,64.5,2.67,21-28天,$18.50,,,2026-09-29,17.74,Stop_Loss_Hit,,,,,,,,,,,,,,,,,,,,,,,,,,,,,,,,,,STOP_TRIGGERED,2026-09-29,-3.29,今日最低价 17.70 已触及/跌破移动止损 18.50；次日 Scan 禁止重新推荐。,,
2026-07-30 00:00:00,FCX,Freeport-McMoRan,Core_Dragon,71,60.80,44.8,-1.39,7-14天,69.8,MA20/MA50 + ATR + MACD/KDJ,69.8,2026-10-01,68.59,Stop_Loss_Hit,,,,,,,,,,,,,,,,,,,,,,,72.42,69.89,3.71,,,,,,,,,STOP_TRIGGERED,2026-10-01,-0.75,今日最低价 68.20 已触及/跌破移动止损 69.80；次日 Scan 禁止重新推荐。,,
2026-07-30 00:00:00,MDLZ,Mondelez International,Core_Dragon,82,63.79,66.4,7.8,14-21天,$61.50,,,2026-09-29,58.79,Stop_Loss_Hit,,,,,,,,,,,,,,,,,,,,,,,,,,,,,,,,,,STOP_TRIGGERED,2026-09-29,-3.67,今日最低价 58.79 已触及/跌破移动止损 61.50；次日 Scan 禁止重新推荐。,,
2026-07-30 00:00:00,GEHC,GE HealthCare,Core_Dragon,88,69.32,68.8,12.47,14-21天,65.44,MA20/MA50 + ATR + MACD/KDJ,65.44,2026-09-30,65.44,Stop_Loss_Hit,,,,,,,,,,,,,,,,,,,,,,,66.41,68.48,2.2,,,,,,,,,STOP_TRIGGERED,2026-09-30,-0.11,今日最低价 65.37 已触及/跌破移动止损 65.44；次日 Scan 禁止重新推荐。,,
2026-07-31 00:00:00,INTC,Intel,Core_Dragon,72,86.51,40.5,-10.66,14-21天,$86.5,,,2026-08-27,86.50,Stop_Loss_Hit,,,,,,,,,,,,,,,,,,,,,,,,,,,,,,,,,,,,,,,
2026-07-31 00:00:00,LRCX,Lam Research,Core_Dragon,74,318.29,44.5,-6.88,7-14天,$283,,,2026-08-03,293.02,Dropped,,,,,,,,,,,,,,,,,,,,,,,,,,,,,,,,,,,,,,,
2026-08-03 00:00:00,GOOG,Alphabet Inc. (Class C),Core_Dragon,75,340.07,55.2,2.8,14-21天,$340,,,2026-08-27,340.00,Stop_Loss_Hit,,,,,,,,,,,,,,,,,,,,,,,,,,,,,,,,,,,,,,,
2026-08-03 00:00:00,CMCSA,Comcast,Core_Dragon,72,23.44,53.0,1.96,14-21天,$22.1,,,2026-09-29,21.75,Stop_Loss_Hit,,,,,,,,,,,,,,,,,,,,,,,,,,,,,,,,,,STOP_TRIGGERED,2026-09-29,-2.31,今日最低价 21.46 已触及/跌破移动止损 22.10；次日 Scan 禁止重新推荐。,,
2026-08-03 00:00:00,VTRS,Viatris,Core_Dragon,71,17.65,59.1,2.76,14-21天,$16.2,,,2026-08-31,16.20,Stop_Loss_Hit,,,,,,,,,,,,,,,,,,,,,,,,,,,,,,,,,,,,,,,
2026-08-03 00:00:00,WFC,Wells Fargo,Core_Dragon,70,86.00,53.1,-0.24,14-21天,79.5,MA20/MA50 + ATR + MACD/KDJ,79.5,2026-10-01,79.35,Stop_Loss_Hit,,,,,,,,,,,,,,,,,,,,,,,86.76,86.54,2.78,,,,,,,,,STOP_TRIGGERED,2026-10-01,0.93,今日最低价 78.00 已触及/跌破移动止损 79.50；次日 Scan 禁止重新推荐。,,
2026-08-03 00:00:00,BMY,Bristol Myers Squibb,Core_Dragon,78,65.00,71.4,8.05,14-21天,$60.5,,,2026-09-29,62.60,Stop_Loss_Hit,,,,,,,,,,,,,,,,,,,,,,,,,,,,,,,,,,STOP_TRIGGERED,2026-09-29,0.41,今日最低价 61.95 已触及/跌破移动止损 62.60；次日 Scan 禁止重新推荐。,,
2026-08-04 00:00:00,NCLH,Norwegian Cruise Line Holdings,Core_Dragon,71,19.00,51.2,1.35,14天,$17.39,,,2026-08-27,17.39,Stop_Loss_Hit,,,,,,,,,,,,,,,,,,,,,,,,,,,,,,,,,,,,,,,
2026-08-04 00:00:00,HPE,Hewlett Packard Enterprise,Core_Dragon,76,47.51,59.6,6.99,14-21天,44.21,MA20/MA50 + ATR + MACD/KDJ,44.21,2026-09-29,60.75,Stop_Loss_Hit,,,,,,,,,,,,,,,,,,,,,,,,,,,,,,,,,,STOP_TRIGGERED,2026-09-29,1.2,今日最低价 60.68 已触及/跌破移动止损 60.75；次日 Scan 禁止重新推荐。,,
2026-08-04 00:00:00,ON,ON Semiconductor,Core_Dragon,73,79.85,38.1,-9.46,14天,83.35,MA20/MA50 + ATR + MACD/KDJ,83.35,2026-10-07,83.72,Stop_Loss_Hit,,,,,,,,,,,,,,,,,,,,,,,74.36,76.63,4.24,,,,,,,,,STOP_TRIGGERED,2026-10-07,-1.47,今日最低价 82.05 已触及/跌破移动止损 83.72；次日 Scan 禁止重新推荐。,,
2026-08-04 00:00:00,FISV,Fiserv,Core_Dragon,78,54.86,57.9,4.84,14-21天,47.8,MA20/MA50 + ATR + MACD/KDJ,47.8,2026-09-29,46.02,Stop_Loss_Hit,,,,,,,,,,,,,,,,,,,,,,,,,,,,,,,,,,STOP_TRIGGERED,2026-09-29,-5.38,今日最低价 45.29 已触及/跌破移动止损 47.80；次日 Scan 禁止重新推荐。,,
2026-08-05 00:00:00,CVS,CVS Health,Core_Dragon,72,105.00,32.8,-9.11,14-21天,86.09,MA20/MA50 + ATR + MACD/KDJ,86.09,2026-09-30,86.09,Stop_Loss_Hit,,,,,,,,,,,,,,,,,,,,,,,92.38,96.64,2.79,,,,,,,,,STOP_TRIGGERED,2026-09-30,-0.47,今日最低价 85.42 已触及/跌破移动止损 86.09；次日 Scan 禁止重新推荐。,,
2026-08-05 00:00:00,DIS,Disney,Core_Dragon,71,97.87,58.2,3.74,14-21天,103.48,MA20/MA50 + ATR + MACD/KDJ,103.48,2026-10-01,103.48,Stop_Loss_Hit,,,,,,,,,,,,,,,,,,,,,,,105.73,103.65,2.08,,,,,,,,,STOP_TRIGGERED,2026-10-01,-2.12,今日最低价 101.15 已触及/跌破移动止损 103.48；次日 Scan 禁止重新推荐。,,
2026-08-05 00:00:00,GILD,Gilead Sciences,Core_Dragon,70,136.00,60.7,3.59,14-21天,147.64,MA20/MA50 + ATR + MACD/KDJ,147.64,2026-10-01,147.64,Stop_Loss_Hit,,,,,,,,,,,,,,,,,,,,,,,148.47,141.21,2.21,,,,,,,,,STOP_TRIGGERED,2026-10-01,-0.09,今日最低价 147.18 已触及/跌破移动止损 147.64；次日 Scan 禁止重新推荐。,,
2026-08-05 00:00:00,BKNG,Booking Holdings,Core_Dragon,74,207.74,70.5,12.82,7-14天,184.0,MA20/MA50 + ATR + MACD/KDJ,184.0,2026-09-29,163.68,Stop_Loss_Hit,,,,,,,,,,,,,,,,,,,,,,,,,,,,,,,,,,STOP_TRIGGERED,2026-09-29,-13.34,今日最低价 161.00 已触及/跌破移动止损 184.00；次日 Scan 禁止重新推荐。,,
2026-08-05 00:00:00,LLY,Lilly (Eli),Core_Dragon,78,1117.38,54.9,1.69,14-21天,1149.24,MA20/MA50 + ATR + MACD/KDJ,1149.24,2026-10-01,1149.24,Stop_Loss_Hit,,,,,,,,,,,,,,,,,,,,,,,1151.32,1176.88,2.38,,,,,,,,,STOP_TRIGGERED,2026-10-01,0.05,今日最低价 1139.90 已触及/跌破移动止损 1149.24；次日 Scan 禁止重新推荐。,,
2026-08-07 00:00:00,T,AT&T,Core_Dragon,科技,23.79,0.0,1.41,21-28天,$21.3,,,71,,,,,,,,,,,,,,,,,,,,,,,,,,,,,,,,,,,,,,,,,
2026-08-07 00:00:00,MU,Micron Technology,Core_Dragon,科技,877.57,0.0,4.09,14-21天,$776,,,74,,,,,,,,,,,,,,,,,,,,,,,,,,,,,,,,,,,,,,,,,
2026-08-07 00:00:00,OXY,Occidental Petroleum,Core_Dragon,科技,55.91,0.0,-0.92,14-21天,$49.3,,,85,,,,,,,,,,,,,,,,,,,,,,,,,,,,,,,,,,,,,,,,,
2026-08-07 00:00:00,HAL,Halliburton,Core_Dragon,科技,31.89,0.0,-1.24,14天,$28.6,,,68,,,,,,,,,,,,,,,,,,,,,,,,,,,,,,,,,,,,,,,,,
2026-08-10 00:00:00,UBER,Uber,Core_Dragon,科技,78.03,0.0,9.45,10-14天,$70.5,,,68,,,,,,,,,,,,,,,,,,,,,,,,,,,,,,,,,,,,,,,,,
2026-08-10 00:00:00,NOW,ServiceNow,Core_Dragon,科技,127.44,0.0,4.74,10-14天,$117,,,70,,,,,,,,,,,,,,,,,,,,,,,,,,,,,,,,,,,,,,,,,
2026-08-10 00:00:00,XOM,ExxonMobil,Core_Dragon,科技,159.79,0.0,4.68,10-14天,$145,,,75,,,,,,,,,,,,,,,,,,,,,,,,,,,,,,,,,,,,,,,,,
2026-08-10 00:00:00,GEN,Gen Digital,Core_Dragon,科技,29.29,0.0,1.0,10-14天,$27.3,,,76,,,,,,,,,,,,,,,,,,,,,,,,,,,,,,,,,,,,,,,,,
2026-08-10 00:00:00,PPL,PPL Corporation,Core_Dragon,科技,34.99,0.0,0.26,14-21天,$33.6,,,72,,,,,,,,,,,,,,,,,,,,,,,,,,,,,,,,,,,,,,,,,
2026-08-11 00:00:00,TSCO,Tractor Supply,Core_Dragon,68,34.43,69.0,9.9,7-14天,32.0,MA20/MA50 + ATR + MACD/KDJ,32.0,2026-09-09,34.13,Stop_Loss_Hit,35.29,13,,,,,,,,,,,,,,,,,,,,,,,,False,True,False,True,,,,,,,,,,
2026-08-11 00:00:00,XOM,ExxonMobil,Core_Dragon,68,159.65,65.1,4.56,5-14天,159.96,MA20/MA50 + ATR + MACD/KDJ,159.96,,,Active,159.80,31,,,,,,,,,,,,,,,,,,,,,163.19,160.83,2.04,True,True,True,True,,,,,CLEAR,2026-10-08,5.07,本次 Review 未发现触及或接近移动止损。,,
2026-08-11 00:00:00,VZ,Verizon,Core_Dragon,62,46.90,59.1,3.14,10-21天,44.5,MA20/MA50 + ATR + MACD/KDJ,44.5,2026-09-09,48.90,Stop_Loss_Hit,47.27,12,,,,,,,,,,,,,,,,,,,,,,,,False,True,True,False,,,,,,,,,,
2026-08-11 00:00:00,CVX,Chevron,Core_Dragon,71,194.25,59.4,2.67,5-14天,202.96,MA20/MA50 + ATR + MACD/KDJ,202.96,2026-10-05,202.96,Stop_Loss_Hit,196.66,36,,,,,,,,,,,,,,,,,,,,,209.07,201.35,2.13,False,True,True,True,,,,,STOP_TRIGGERED,2026-10-05,1.7,今日最低价 201.96 已触及/跌破移动止损 202.96；次日 Scan 禁止重新推荐。,,
2026-08-11 00:00:00,DVN,Devon Energy,Core_Dragon,65,45.21,57.0,3.32,5-14天,46.66,MA20/MA50 + ATR + MACD/KDJ,46.66,2026-09-29,45.75,Stop_Loss_Hit,45.40,18,,,,,,,,,,,,,,,,,,,,,47.54,44.94,2.4,True,True,False,False,,,,,STOP_TRIGGERED,2026-09-29,-0.13,今日最低价 45.56 已触及/跌破移动止损 46.66；次日 Scan 禁止重新推荐。,,
2026-08-12 00:00:00,T,AT&T,Core_Dragon,68,24.33,64.3,5.35,10-14天,23.03,MA20/MA50 + ATR + MACD/KDJ,23.03,2026-09-09,24.91,Stop_Loss_Hit,24.25,5,,,,,,,,,,,,,,,,,,,,,,,,False,True,False,False,,,,,,,,,,
2026-08-12 00:00:00,HBAN,Huntington Bancshares,Core_Dragon,64,17.84,55.1,0.94,7-10天,$16.87,,,2026-08-31,16.87,Stop_Loss_Hit,17.86,9,,,,,,,,,,,,,,,,,,,,,,,,True,False,False,False,,,,,,,,,,
2026-08-12 00:00:00,KO,Coca-Cola,Core_Dragon,70,85.78,57.1,1.52,14-21天,86.59,MA20/MA50 + ATR + MACD/KDJ,86.59,2026-09-29,86.56,Stop_Loss_Hit,86.71,4,,,,,,,,,,,,,,,,,,,,,88.99,86.28,1.47,False,False,True,False,,,,,STOP_TRIGGERED,2026-09-29,0.29,今日最低价 86.56 已触及/跌破移动止损 86.59；次日 Scan 禁止重新推荐。,,
2026-08-12 00:00:00,PCG,PG&E Corporation,Core_Dragon,65,17.36,49.7,-1.12,14-21天,$16.56,,,2026-08-31,16.56,Stop_Loss_Hit,17.38,10,,,,,,,,,,,,,,,,,,,,,,,,False,False,True,False,,,,,,,,,,
2026-08-12 00:00:00,MDT,Medtronic,Core_Dragon,72,88.96,70.3,6.57,10-14天,89.69,MA20/MA50 + ATR + MACD/KDJ,89.69,2026-09-29,88.83,Stop_Loss_Hit,90.76,13,,,,,,,,,,,,,,,,,,,,,91.94,87.18,2.44,False,True,False,True,,,,,STOP_TRIGGERED,2026-09-29,-2.99,今日最低价 86.38 已触及/跌破移动止损 89.69；次日 Scan 禁止重新推荐。,,
2026-08-13 00:00:00,CSCO,Cisco,Core_Dragon,73,113.93,63.1,6.61,14-21天,107.24,MA20/MA50 + ATR + MACD/KDJ,107.24,2026-09-29,107.24,Stop_Loss_Hit,113.47,17,,,,,,,,,,,,,,,,,,,,,110.51,113.81,1.8,False,True,False,True,,,,,STOP_TRIGGERED,2026-09-29,-0.28,今日最低价 106.06 已触及/跌破移动止损 107.24；次日 Scan 禁止重新推荐。,,
2026-08-13 00:00:00,MRVL,Marvell Technology,Core_Dragon,68,217.68,51.9,9.01,14天,$203.56,,,2026-09-02,203.56,Stop_Loss_Hit,222.18,8,,,,,,,,,,,,,,,,,,,,,,,,False,False,True,True,,,,,,,,,,
2026-08-13 00:00:00,O,Realty Income,Core_Dragon,70,62.77,45.0,-2.15,14-28天,59.8,MA20/MA50 + ATR + MACD/KDJ,59.8,2026-09-10,59.80,Stop_Loss_Hit,62.95,9,,,,,,,,,,,,,,,,,,,,,61.99,62.83,1.16,False,False,False,True,,,,,,,,,,
2026-08-13 00:00:00,COHR,Coherent Corp.,Core_Dragon,62,344.88,57.1,19.01,10-14天,$318.08,,,2026-08-27,318.08,Stop_Loss_Hit,327.23,8,,,,,,,,,,,,,,,,,,,,,,,,False,False,True,True,,,,,,,,,,
2026-08-13 00:00:00,MRK,Merck,Core_Dragon,65,133.86,63.8,2.92,14-21天,144.8,MA20/MA50 + ATR + MACD/KDJ,144.8,2026-10-01,144.71,Stop_Loss_Hit,135.55,8,,,,,,,,,,,,,,,,,,,,,147.47,140.15,2.12,False,True,False,True,,,,,STOP_TRIGGERED,2026-10-01,-0.69,今日最低价 143.26 已触及/跌破移动止损 144.80；次日 Scan 禁止重新推荐。,,
2026-08-14 00:00:00,MU,Micron Technology,Core_Dragon,72,979.64,54.5,7.46,10-14天,1033.13,MA20/MA50 + ATR + MACD/KDJ,1033.13,2026-10-01,1033.16,Stop_Loss_Hit,971.66,2,,,,,,,,,,,,,,,,,,,,,1000.2,945.72,4.29,False,False,False,False,,,,,STOP_TRIGGERED,2026-10-01,5.85,今日最低价 1022.90 已触及/跌破移动止损 1033.16；次日 Scan 禁止重新推荐。,,
2026-08-14 00:00:00,AMD,Advanced Micro Devices,Core_Dragon,70,487.60,47.4,-2.09,10-14天,629.94,MA20/MA50 + ATR + MACD/KDJ,629.94,2026-10-08,629.94,Stop_Loss_Hit,514.39,4,,,,,,,,,,,,,,,,,,,,,581.38,518.82,3.9,False,False,True,False,,,,,STOP_TRIGGERED,2026-10-08,-1.49,今日最低价 613.34 已触及/跌破移动止损 629.94；次日 Scan 禁止重新推荐。,,
2026-08-14 00:00:00,KMI,Kinder Morgan,Core_Dragon,73,32.23,55.1,1.22,14-21天,30.98,MA20/MA50 + ATR + MACD/KDJ,30.98,2026-09-10,30.98,Stop_Loss_Hit,32.82,15,,,,,,,,,,,,,,,,,,,,,31.82,31.79,2.62,True,False,False,True,,,,,,,,,,
2026-08-14 00:00:00,VICI,Vici Properties,Core_Dragon,68,26.38,47.1,-0.76,14-21天,24.76,MA20/MA50 + ATR + MACD/KDJ,24.76,2026-09-10,24.76,Stop_Loss_Hit,26.36,11,,,,,,,,,,,,,,,,,,,,,26.0,26.34,1.64,False,False,False,True,,,,,,,,,,
2026-08-14 00:00:00,META,Meta Platforms,Core_Dragon,76,596.98,49.2,-0.42,14-21天,719.64,MA20/MA50 + ATR + MACD/KDJ,719.64,2026-10-08,719.64,Stop_Loss_Hit,589.85,18,,,,,,,,,,,,,,,,,,,,,708.24,630.52,3.84,True,True,False,False,,,,,STOP_TRIGGERED,2026-10-08,0.17,今日最低价 711.68 已触及/跌破移动止损 719.64；次日 Scan 禁止重新推荐。,,
2026-08-17 00:00:00,F,Ford Motor Company,Core_Dragon,72,14.26,55.2,1.26,10-14天,13.1,MA20/MA50 + ATR + MACD/KDJ,13.1,2026-09-09,13.65,Stop_Loss_Hit,14.05,15,,,,,,,,,,,,,,,,,,,,,,,,False,True,False,True,,,,,,,,,,
2026-08-17 00:00:00,SNDK,Sandisk,Core_Dragon,66,1700.74,57.0,21.25,7-10天,$1564.87,,,2026-08-27,1564.87,Stop_Loss_Hit,1786.85,6,,,,,,,,,,,,,,,,,,,,,,,10.23,False,False,False,True,,,,,,,,,,
2026-08-17 00:00:00,AMAT,Applied Materials,Core_Dragon,67,518.00,44.9,-3.26,10-14天,$475.94,,,2026-08-27,475.94,Stop_Loss_Hit,535.31,4,,,,,,,,,,,,,,,,,,,,,,,7.04,False,False,False,True,,,,,,,,,,
2026-08-17 00:00:00,SLB,Schlumberger,Core_Dragon,70,53.98,61.8,6.83,8-12天,53.23,MA20/MA50 + ATR + MACD/KDJ,53.23,2026-09-14,53.24,Stop_Loss_Hit,53.86,11,,,,,,,,,,,,,,,,,,,,,55.18,51.16,3.8,False,True,False,False,,,,,,,,,,
2026-08-17 00:00:00,WDC,Western Digital,Core_Dragon,75,525.53,50.4,1.97,10-14天,$483.38,,,2026-08-27,483.38,Stop_Loss_Hit,536.01,9,,,,,,,,,,,,,,,,,,,,,,,9.29,True,False,False,False,,,,,,,,,,
2026-08-18 00:00:00,RDDT,Reddit,Core_Dragon,80,166.10,55.3,7.39,7-14天,$153.89,,,2026-08-31,153.89,Stop_Loss_Hit,158.25,15,,,,,,,,,,,,,,,,,,,,,,,6.81,True,False,False,True,,,,,,,,,,
2026-08-18 00:00:00,V,Visa Inc.,Core_Dragon,79,359.62,56.2,0.5,10-14天,368.11,MA20/MA50 + ATR + MACD/KDJ,368.11,2026-09-29,366.93,Stop_Loss_Hit,364.25,4,,,,,,,,,,,,,,,,,,,,,374.36,365.52,1.39,False,False,False,True,,,,,STOP_TRIGGERED,2026-09-29,-0.61,今日最低价 365.00 已触及/跌破移动止损 368.11；次日 Scan 禁止重新推荐。,,
2026-08-18 00:00:00,KDP,Keurig Dr Pepper,Core_Dragon,69,30.70,56.7,3.2,14-28天,31.22,MA20/MA50 + ATR + MACD/KDJ,31.22,2026-09-11,31.22,Stop_Loss_Hit,30.79,9,,,,,,,,,,,,,,,,,,,,,31.75,31.25,2.06,True,False,False,False,,,,,,,,,,
2026-08-18 00:00:00,QCOM,Qualcomm,Core_Dragon,65,157.89,47.1,1.59,10-21天,181.86,MA20/MA50 + ATR + MACD/KDJ,181.86,2026-10-01,181.86,Stop_Loss_Hit,160.19,5,,,,,,,,,,,,,,,,,,,,,182.18,169.97,5.52,False,False,False,False,,,,,STOP_TRIGGERED,2026-10-01,0.13,今日最低价 181.77 已触及/跌破移动止损 181.86；次日 Scan 禁止重新推荐。,,
2026-08-19 00:00:00,PPL,PPL Corporation,Core_Dragon,69,35.91,49.8,0.09,14-21天,34.38,MA20/MA50 + ATR + MACD/KDJ,34.38,2026-09-10,34.36,Stop_Loss_Hit,35.49,6,,,,,,,,,,,,,,,,,,,,,35.06,35.51,1.61,False,False,False,True,,,,,,,,,,
2026-08-19 00:00:00,CRM,Salesforce,Core_Dragon,72,194.21,59.2,5.62,10-14天,234.61,MA20/MA50 + ATR + MACD/KDJ,234.61,2026-09-17,243.02,Stop_Loss_Hit,206.09,8,,,,,,,,,,,,,,,,,,,,,237.03,202.27,4.9,False,True,True,False,,,,,STOP_TRIGGERED,2026-09-17,-0.07,今日最低价 241.52 已触及/跌破移动止损 243.02；次日 Scan 禁止重新推荐。,,
2026-08-19 00:00:00,KLAC,KLA Corporation,Core_Dragon,66,196.43,44.8,-1.24,10-14天,$183.54,,,2026-08-27,183.54,Stop_Loss_Hit,187.27,4,,,,,,,,,,,,,,,,,,,,,,,6.44,False,False,False,True,,,,,,,,,,
2026-08-19 00:00:00,PG,Procter & Gamble,Core_Dragon,64,144.30,42.5,-1.65,14-21天,138.82,MA20/MA50 + ATR + MACD/KDJ,138.82,2026-09-09,142.67,Stop_Loss_Hit,144.38,15,,,,,,,,,,,,,,,,,,,,,,,,False,False,True,True,,,,,,,,,,
2026-08-19 00:00:00,NEE,NextEra Energy,Core_Dragon,68,86.54,45.4,-0.91,14-21天,$81.3,,,2026-08-31,81.30,Stop_Loss_Hit,85.91,4,,,,,,,,,,,,,,,,,,,,,,,1.76,False,False,False,True,,,,,,,,,,
2026-08-20 00:00:00,NFLX,Netflix,Core_Dragon,72,80.14,63.9,8.05,10-14天,75.23,MA20/MA50 + ATR + MACD/KDJ,75.23,2026-09-10,75.23,Stop_Loss_Hit,80.14,11,,,,,,,,,,,,,,,,,,,,,79.33,75.5,2.96,False,True,False,False,,,,,,,,,,
2026-08-20 00:00:00,NOW,ServiceNow,Core_Dragon,76,128.15,62.2,9.12,10-14天,135.63,MA20/MA50 + ATR + MACD/KDJ,135.63,2026-09-29,130.83,Stop_Loss_Hit,129.75,15,,,,,,,,,,,,,,,,,,,,,135.85,121.51,5.23,False,True,True,False,,,,,STOP_TRIGGERED,2026-09-29,-4.38,今日最低价 128.12 已触及/跌破移动止损 135.63；次日 Scan 禁止重新推荐。,,
2026-08-20 00:00:00,MSFT,Microsoft,Core_Dragon,71,483.30,63.5,4.59,10-14天,513.87,MA20/MA50 + ATR + MACD/KDJ,513.87,,,Active,481.15,12,,,,,,,,,,,,,,,,,,,,,506.62,495.84,2.25,False,True,True,False,,,,,STOP_NEAR,2026-10-08,1.67,收盘距离移动止损约 1.67%，次日 Scan 强提醒。,,
2026-08-20 00:00:00,COIN,Coinbase,Core_Dragon,74,172.75,53.8,4.14,7-10天,163.71,MA20/MA50 + ATR + MACD/KDJ,163.71,2026-09-15,168.48,Stop_Loss_Hit,172.35,16,,,,,,,,,,,,,,,,,,,,,175.03,165.05,6.46,True,False,True,True,,,,,,,,,,
2026-08-20 00:00:00,EL,Estée Lauder Companies (The),Core_Dragon,87,97.43,72.7,14.22,10-14天,95.18,MA20/MA50 + ATR + MACD/KDJ,95.18,2026-09-15,96.19,Stop_Loss_Hit,96.15,40,,,,,,,,,,,,,,,,,,,,,98.65,89.71,3.2,True,True,True,True,,,,,,,,,,
2026-08-21 00:00:00,COIN,Coinbase,Core_Dragon,69,180.06,67.4,20.37,7-14天,186.04,MA20/MA50 + ATR + MACD/KDJ,186.04,2026-09-30,186.04,Stop_Loss_Hit,186.49,5,,,,,,,,,,,,,,,,,,,,,185.05,171.13,6.08,False,True,False,False,,,,,STOP_TRIGGERED,2026-09-30,0.2,今日最低价 184.29 已触及/跌破移动止损 186.04；次日 Scan 禁止重新推荐。,,
2026-08-21 00:00:00,MSFT,Microsoft,Core_Dragon,70,479.88,62.1,1.88,14-21天,513.87,MA20/MA50 + ATR + MACD/KDJ,513.87,,,Active,483.24,12,,,,,,,,,,,,,,,,,,,,,506.62,495.84,2.25,False,True,True,False,,,,,STOP_NEAR,2026-10-08,1.67,收盘距离移动止损约 1.67%，次日 Scan 强提醒。,,
2026-08-21 00:00:00,ROST,Ross Stores,Core_Dragon,72,243.85,48.1,-3.28,10-14天,224.72,MA20/MA50 + ATR + MACD/KDJ,224.72,2026-09-10,224.51,Stop_Loss_Hit,239.04,10,,,,,,,,,,,,,,,,,,,,,235.69,234.39,2.64,False,False,True,False,,,,,,,,,,
2026-08-21 00:00:00,NEM,Newmont,Core_Dragon,68,131.12,75.6,19.86,7-14天,121.68,MA20/MA50 + ATR + MACD/KDJ,121.68,2026-09-14,122.41,Stop_Loss_Hit,131.58,5,,,,,,,,,,,,,,,,,,,,,126.09,108.91,3.5,False,True,False,False,,,,,,,,,,
2026-08-24 00:00:00,MRNA,Moderna,Core_Dragon,76,142.70,71.6,99.99,3-10天,$135.69,,,2026-08-31,135.69,Stop_Loss_Hit,138.89,33,,,,,,,,,,,,,,,,,,,,,,,10.26,False,True,False,True,,,,,,,,,,
2026-08-24 00:00:00,BSX,Boston Scientific,Core_Dragon,71,50.29,56.9,2.33,7-14天,$47.92,,,2026-08-27,47.92,Stop_Loss_Hit,49.01,25,,,,,,,,,,,,,,,,,,,,,,,3.46,False,True,True,True,,,,,,,,,,
2026-08-24 00:00:00,MOS,Mosaic Company (The),Core_Dragon,78,24.62,63.3,7.94,5-14天,24.14,MA20/MA50 + ATR + MACD/KDJ,24.14,2026-09-22,24.14,Stop_Loss_Hit,24.00,27,,,,,,,,,,,,,,,,,,,,,24.57,23.11,4.33,True,True,False,True,,,,,STOP_TRIGGERED,2026-09-22,-0.29,今日最低价 23.03 已触及/跌破移动止损 24.14；次日 Scan 禁止重新推荐。,,
2026-08-24 00:00:00,C,Citigroup,Core_Dragon,65,131.38,43.9,-2.05,5-10天,133.18,MA20/MA50 + ATR + MACD/KDJ,133.18,2026-09-14,133.31,Stop_Loss_Hit,131.72,10,,,,,,,,,,,,,,,,,,,,,135.0,134.76,1.92,False,False,True,True,,,,,,,,,,
2026-08-24 00:00:00,AES,AES Corporation,Core_Dragon,68,14.75,64.2,0.42,10-21天,14.63,MA20/MA50 + ATR + MACD/KDJ,14.63,,,Active,14.75,8,,,,,,,,,,,,,,,,,,,,,14.85,14.78,0.3,False,True,False,True,,,,,STOP_NEAR,2026-10-08,2.01,收盘距离移动止损约 2.01%，次日 Scan 强提醒。,,
2026-08-25 00:00:00,GOOGL,Alphabet Inc. (Class A),Core_Dragon,72,349.38,50.2,-0.36,5-14天,296.33,MA20/MA50 + ATR + MACD/KDJ,296.33,2026-09-09,331.59,Stop_Loss_Hit,346.96,17,,,,,,,,,,,,,,,,,,,,,,,,True,True,False,False,,,,,,,,,,
2026-08-25 00:00:00,ORCL,Oracle Corporation,Core_Dragon,68,143.30,51.9,1.66,7-14天,149.0,MA20/MA50 + ATR + MACD/KDJ,149.0,2026-09-14,141.42,Stop_Loss_Hit,144.76,12,,,,,,,,,,,,,,,,,,,,,149.68,140.46,4.44,False,True,True,False,,,,,,,,,,
2026-08-25 00:00:00,UBER,Uber,Core_Dragon,63,79.38,64.1,6.66,5-10天,67.51,MA20/MA50 + ATR + MACD/KDJ,67.51,2026-09-09,71.67,Stop_Loss_Hit,80.35,6,,,,,,,,,,,,,,,,,,,,,,,,False,True,False,False,,,,,,,,,,
2026-08-25 00:00:00,UPS,United Parcel Service,Core_Dragon,65,103.08,48.5,0.77,5-14天,100.41,MA20/MA50 + ATR + MACD/KDJ,100.41,2026-09-16,100.41,Stop_Loss_Hit,105.14,11,,,,,,,,,,,,,,,,,,,,,102.7,105.86,1.93,True,False,False,False,,,,,STOP_TRIGGERED,2026-09-16,-1.66,今日最低价 98.15 已触及/跌破移动止损 100.41；次日 Scan 禁止重新推荐。,,
2026-09-17 00:00:00,AMGN,Amgen,Core_Dragon,73.9,379.15,33.3,-10.14,动态持有,368.82,MA20/MA50 + ATR + MACD/KDJ,368.82,2026-09-22,385.30,Stop_Loss_Hit,379.78,14,2,MACD改善 量能确认,13,23.361265,15.42967,16.11,17.407494,0.095,0.649,0.91473,0.22951001,203466850304.0,974104839.05,32.0,11,10,20,73.0,76.0,73.9,418.81,398.15,2.89,False,False,False,False,False,,,,STOP_TRIGGERED,2026-09-22,2.0,今日最低价 381.90 已触及/跌破移动止损 385.30；次日 Scan 禁止重新推荐。,,
2026-09-17 00:00:00,ABBV,AbbVie,Core_Dragon,66.9,262.61,57.4,1.09,动态持有,258.29,MA20/MA50 + ATR + MACD/KDJ,258.29,2026-10-02,258.29,Stop_Loss_Hit,264.02,21,3,MA20结构 MACD改善 量能确认,12,74.15537,16.137045,3.54,-78.15124,0.102,2.904,None,0.098000005,463885991936.0,1149331825.16,23.0,8,15,20,66.0,69.0,66.9,260.96,257.48,1.95,True,False,False,False,False,,,,STOP_TRIGGERED,2026-10-02,1.72,今日最低价 257.87 已触及/跌破移动止损 258.29；次日 Scan 禁止重新推荐。,,
2026-09-21 00:00:00,FTNT,Fortinet,Core_Dragon,75.4,170.19,59.5,5.26,动态持有,$156.44,ATR初始保护,$156.44,2026-09-22,169.97,Stop_Loss_Hit,175.23,25,3,MA20结构 周线改善 量能确认,2,60.507042,45.487152,2.84,81.28666,0.256,0.439,1.17442,0.28173,126081351680.0,806913475.0,33.0,11,18,20,82.0,60.0,75.4,,,4.04,False,True,False,False,False,,,,STOP_TRIGGERED,2026-09-22,3.0,今日最低价 167.41 已触及/跌破移动止损 169.97；次日 Scan 禁止重新推荐。,,
2026-09-21 00:00:00,NXPI,NXP Semiconductors,Core_Dragon,74.7,229.14,48.7,1.37,动态持有,$213.6,ATR初始保护,$213.6,2026-09-22,226.61,Stop_Loss_Hit,232.41,28,4,MA20结构 MACD改善 周线改善 量能确认,19,19.496159,12.627444,11.72,5.0566535,0.195,0.726,0.27921,0.22564,57618251776.0,743422441.02,35,8,20,18.0,81.0,60.0,74.7,,,3.39,False,False,False,False,False,,,,STOP_TRIGGERED,2026-09-22,2.5,今日最低价 226.15 已触及/跌破移动止损 226.61；次日 Scan 禁止重新推荐。,,
2026-09-22 00:00:00,FTNT,Fortinet,Core_Dragon,78.9,170.19,62.3,7.39,动态持有,169.97,MA20/MA50 + ATR + MACD/KDJ,169.97,2026-09-28,169.97,Stop_Loss_Hit,170.19,32,4,MA20结构 MACD改善 周线改善 量能确认,2,61.700706,46.384506,2.84,82.89025,0.256,0.439,1.17442,0.28173,128568639488.0,824126821.36,33.0,11,23,20,87.0,60.0,78.9,163.18,160.52,4.13,False,True,False,False,False,,,,STOP_TRIGGERED,2026-09-28,3.61,今日最低价 169.56 已触及/跌破移动止损 169.97；次日 Scan 禁止重新推荐。,,
2026-09-22 00:00:00,NXPI,NXP Semiconductors,Core_Dragon,74.7,229.14,52.3,3.29,动态持有,236.35,MA20/MA50 + ATR + MACD/KDJ,236.35,2026-10-07,237.05,Stop_Loss_Hit,229.14,28,4,MA20结构 MACD改善 周线改善 量能确认,15,19.830204,12.8438015,11.72,5.1432934,0.195,0.726,0.27921,0.22564,58605477888.0,758234150.8,35,8,20,18.0,81.0,60.0,74.7,231.92,231.35,2.97,False,False,False,False,False,,,,STOP_TRIGGERED,2026-10-07,-0.78,今日最低价 231.02 已触及/跌破移动止损 237.05；次日 Scan 禁止重新推荐。,,
2026-09-23 00:00:00,APH,Amphenol,Core_Dragon,76.1,83.38,54.2,2.14,动态持有,85.96,MA20/MA50 + ATR + MACD/KDJ,85.96,2026-10-08,85.96,Stop_Loss_Hit,82.19,32,4,MA20结构 MACD改善 周线改善 量能确认,8,40.965,24.976452,2.0,13.037874,0.55,0.593,0.38115,0.17729001,202036658176.0,969563525.89,34.0,8,23,18.0,83.0,60.0,76.1,82.42,81.55,2.91,False,True,False,False,False,,,,STOP_TRIGGERED,2026-10-08,-0.75,今日最低价 83.96 已触及/跌破移动止损 85.96；次日 Scan 禁止重新推荐。,,
2026-09-23 00:00:00,A,Agilent Technologies,Core_Dragon,71.9,166.54,72.3,8.56,动态持有,169.95,MA20/MA50 + ATR + MACD/KDJ,169.95,2026-10-01,169.95,Stop_Loss_Hit,165.32,32,4,MA20结构 MACD改善 周线改善 量能确认,8,32.628086,24.480661,5.07,6.334944,0.081,0.085,0.20971,0.19533001,46637912064.0,426097926.24,28.0,8,23,18.0,77.0,60.0,71.9,155.81,149.62,2.81,False,True,False,False,False,,,,STOP_TRIGGERED,2026-10-01,-1.96,今日最低价 166.09 已触及/跌破移动止损 169.95；次日 Scan 禁止重新推荐。,,
2026-09-23 00:00:00,ADI,Analog Devices,Core_Dragon,71.9,388.95,59.7,4.89,动态持有,406.53,MA20/MA50 + ATR + MACD/KDJ,406.53,2026-10-07,407.93,Stop_Loss_Hit,385.23,28,4,MA20结构 MACD改善 周线改善 量能确认,10,45.60587,23.516924,8.43,5.5526147,0.396,1.635,0.12227,0.29787,186294829056.0,1366300559.9,31.0,8,20,18.0,77.0,60.0,71.9,382.86,375.83,2.62,False,False,False,False,False,,,,STOP_TRIGGERED,2026-10-07,0.52,今日最低价 404.60 已触及/跌破移动止损 407.93；次日 Scan 禁止重新推荐。,,
2026-09-28 00:00:00,CF,CF Industries,Core_Dragon,73.3,117.30,36.8,-10.22,动态持有,113.4,MA20/MA50 + ATR + MACD/KDJ,113.4,2026-10-01,113.40,Stop_Loss_Hit,115.51,21,3,MACD改善 KDJ回升 量能确认,15,8.6219425,10.865616,13.49,3.0674894,0.176,0.996,0.29867,0.27122,17602138112.0,320885907.61,35,11,15,18.0,79.0,60.0,73.3,129.5,124.99,4.36,False,False,True,False,False,,,,STOP_TRIGGERED,2026-10-01,1.0,今日最低价 111.83 已触及/跌破移动止损 113.40；次日 Scan 禁止重新推荐。,,
2026-09-28 00:00:00,HUM,Humana,Core_Dragon,72.6,397.43,59.4,2.9,动态持有,378.39,MA20/MA50 + ATR + MACD/KDJ,378.39,2026-09-30,379.13,Stop_Loss_Hit,389.63,32,4,MA20结构 MACD改善 周线改善 量能确认,14,38.265594,24.399813,10.58,2.5302966,0.262,0.271,0.06893,0.00878,48614510592.0,392675360.48,26.0,11,23,18.0,78.0,60.0,72.6,392.66,386.53,3.66,False,True,False,False,False,,,,STOP_TRIGGERED,2026-09-30,0.64,今日最低价 378.50 已触及/跌破移动止损 379.13；次日 Scan 禁止重新推荐。,,
2026-09-28 00:00:00,STX,Seagate Technology,Core_Dragon,71.9,912.10,55.5,5.42,动态持有,893.86,MA20/MA50 + ATR + MACD/KDJ,893.86,2026-10-01,894.67,Stop_Loss_Hit,921.51,25,3,MA20结构 周线改善 量能确认,10,64.48063,16.23329,13.94,94.07221,0.485,1.488,3.7152898,0.26108998,204394479616.0,3373554824.51,35,8,18,16.0,77.0,60.0,71.9,853.03,851.78,5.03,False,True,False,False,False,,,,STOP_TRIGGERED,2026-10-01,5.38,今日最低价 893.74 已触及/跌破移动止损 894.67；次日 Scan 禁止重新推荐。,,
2026-09-28 00:00:00,VLO,Valero Energy,Core_Dragon,70.5,389.11,60.2,1.81,动态持有,377.88,MA20/MA50 + ATR + MACD/KDJ,377.88,2026-10-02,396.21,Stop_Loss_Hit,389.57,21,3,MA20结构 MACD改善 量能确认,15,16.317062,10.2816925,23.97,4.5044336,0.517,4.535,0.27637,0.05446,112614187008.0,1546778906.11,34.0,8,15,18.0,75.0,60.0,70.5,385.99,349.47,4.51,False,False,False,False,False,,,,STOP_TRIGGERED,2026-10-02,2.48,今日最低价 389.69 已触及/跌破移动止损 396.21；次日 Scan 禁止重新推荐。,,
2026-09-29 00:00:00,CBOE,Cboe Global Markets,Core_Dragon,77.6,279.54,39.4,-5.4,动态持有,269.78,MA20/MA50 + ATR + MACD/KDJ,269.78,2026-10-02,271.65,Stop_Loss_Hit,261.75,21,3,MACD改善 KDJ回升 量能确认,15,20.571651,17.351377,12.84,4.909027,0.229,0.502,0.26297,0.26734,27584409600.0,272281272.24,35,11,15,16.0,77.0,79.0,77.6,278.25,287.57,3.95,False,False,True,True,False,,,,STOP_TRIGGERED,2026-10-02,-0.14,今日最低价 269.54 已触及/跌破移动止损 271.65；次日 Scan 禁止重新推荐。,,
2026-09-29 00:00:00,NTAP,NetApp,Core_Dragon,77.0,205.15,64.9,7.6,动态持有,208.6,MA20/MA50 + ATR + MACD/KDJ,208.6,2026-10-05,219.48,Stop_Loss_Hit,209.18,25,3,MA20结构 MACD改善 周线改善,8,29.323904,18.64231,7.07,27.178816,0.299,0.635,1.14818,0.19184999,40721588224.0,543913368.62,35,8,18,16.0,77.0,77.0,77.0,194.12,190.13,3.78,False,True,False,False,False,,,,STOP_TRIGGERED,2026-10-05,1.92,今日最低价 218.29 已触及/跌破移动止损 219.48；次日 Scan 禁止重新推荐。,,
2026-09-29 00:00:00,TER,Teradyne,Core_Dragon,76.6,410.85,59.6,9.76,动态持有,403.32,MA20/MA50 + ATR + MACD/KDJ,403.32,2026-10-05,435.57,Stop_Loss_Hit,403.02,25,3,MA20结构 MACD改善 周线改善,5,55.11308,34.716248,7.34,20.142906,1.039,3.858,0.36465,0.25766,63244525568.0,1004642224.6,34.0,8,18,16.0,76.0,78.0,76.6,371.56,372.41,4.73,False,True,False,False,False,,,,STOP_TRIGGERED,2026-10-05,2.02,今日最低价 435.50 已触及/跌破移动止损 435.57；次日 Scan 禁止重新推荐。,,
2026-09-29 00:00:00,EMR,Emerson Electric,Observation,64.7,160.07,57.5,3.64,动态持有,$152.54,ATR初始保护,$152.54,,,Active,157.24,21,3,MA20结构 周线改善 量能确认,10,34.409187,21.655752,4.57,4.304092,0.07,0.23,0.128,0.13828,87714045952.0,356534834.4,26.0,8,15,16.0,65.0,64.0,64.7,,,2.35,False,False,False,False,False,,,,,,,,,
2026-09-29 00:00:00,SYK,Stryker Corporation,Observation,64.3,277.00,38.4,-1.72,动态持有,$260.72,ATR初始保护,$260.72,,,Active,278.77,14,2,MACD改善 周线改善,12,28.532309,16.636358,9.75,4.4483356,0.094,0.441,0.16508,0.14433,106706190336.0,867288622.28,33.0,8,10,16.0,67.0,58.0,64.3,,,2.94,False,False,False,False,False,,,,,,,,,
2026-09-29 00:00:00,SNPS,Synopsys,Observation,64.3,414.60,53.8,3.27,动态持有,$384.92,ATR初始保护,$384.92,2026-10-01,490.54,Observation_Closed,415.09,14,2,周线改善 量能确认,14,72.38899,23.402533,5.72,2.5467288,0.424,0.893,0.03661,0.11432999,79350022144.0,782079307.21,30.0,8,10,16.0,64.0,65.0,64.3,,,3.58,False,False,False,False,False,,,,,,,,,
2026-09-29 00:00:00,BX,Blackstone Inc.,Observation,64.2,115.36,27.3,-9.77,动态持有,$107.59,ATR初始保护,$107.59,,,Active,114.00,14,2,MACD改善 量能确认,12,25.504475,15.231332,4.47,10.116692,0.286,0.573,0.31374002,0.22728,136269922304.0,459276182.46,32.0,8,10,16.0,66.0,60.0,64.2,,,3.37,False,False,False,False,False,,,,,,,,,
2026-09-29 00:00:00,ROL,Rollins  Inc.,Observation,64.1,30.40,24.6,-9.32,动态持有,$28.5,ATR初始保护,$28.5,,,Active,30.50,21,3,MACD改善 周线改善 量能确认,8,27.586363,23.533653,1.1,10.213733,0.079,0.031,0.37008998,0.1355,14600356864.0,212550461.17,23.0,11,15,16.0,65.0,62.0,64.1,,,3.13,False,False,False,False,False,,,,,,,,,
2026-09-30 00:00:00,ALL,Allstate,Core_Dragon,73.5,223.90,25.6,-8.55,动态持有,220.91,MA20/MA50 + ATR + MACD/KDJ,220.91,2026-10-05,220.91,Stop_Loss_Hit,,14,2,MACD改善 量能确认,19,4.482275,8.067607,49.93,1.7933986,0.118,0.612,0.46113998,0.18971,56589611008.0,492710968.07,33.0,14,10,18.0,75.0,70.0,73.5,244.74,254.21,2.53,False,False,False,False,False,,,,STOP_TRIGGERED,2026-10-05,1.69,今日最低价 219.51 已触及/跌破移动止损 220.91；次日 Scan 禁止重新推荐。,,
2026-09-30 00:00:00,TGT,Target Corporation,Observation,64.4,156.52,48.7,-1.17,动态持有,$148.63,ATR初始保护,$148.63,,,Active,,14,2,MACD改善 量能确认,15,16.230705,16.387526,9.64,3.9836037,0.053,1.005,0.26408002,0.04078,71080263680.0,508579667.28,26.0,11,10,18.0,65.0,63.0,64.4,,,2.52,False,False,False,False,False,,,,,,,,,
2026-09-30 00:00:00,COO,Cooper Companies (The),Observation,63.9,56.99,37.0,-2.31,动态持有,$53.08,ATR初始保护,$53.08,,,Active,,21,3,MACD改善 周线改善 量能确认,19,19.573883,12.135286,2.91,1.3001597,0.006,3.571,0.06838,0.1346,10831245312.0,302280098.0,25.0,8,15,18.0,66.0,59.0,63.9,,,3.43,False,False,False,False,False,,,,,,,,,
2026-09-30 00:00:00,DELL,Dell Technologies,Observation,62.7,544.03,54.5,0.07,动态持有,$485.82,ATR初始保护,$485.82,,,Active,,14,2,MA20结构 KDJ回升,10,31.61418,18.685907,17.21,-243.98207,0.577,2.729,None,0.07525,345932988416.0,6166826832.83,26.0,11,10,16.0,63.0,62.0,62.7,,,5.35,False,False,True,False,False,,,,,,,,,
2026-09-30 00:00:00,WEC,WEC Energy Group,Observation,62.6,101.27,35.2,-2.5,动态持有,$98.01,ATR初始保护,$98.01,,,Active,,21,3,MACD改善 周线改善 量能确认,17,19.662136,16.879763,5.15,2.4208086,0.026,0.197,0.11988,0.16686001,32995508224.0,280358390.46,24.0,8,15,18.0,65.0,57.0,62.6,,,1.61,False,False,False,False,False,,,,,,,,,
2026-09-30 00:00:00,ILMN,Illumina  Inc.,Observation,62.2,275.77,75.5,16.7,动态持有,$252.88,ATR初始保护,$252.88,,,Active,,25,3,MA20结构 周线改善 量能确认,0,51.354748,45.172657,5.37,14.672785,0.094,-0.094,0.32339,0.18336001,41642024960.0,1112192277.13,23.0,8,18,18.0,67.0,51.0,62.2,,,4.15,False,True,False,False,False,,,,,,,,,
2026-09-30 00:00:00,TECH,Bio-Techne,Observation,62.2,72.50,59.1,0.15,动态持有,$70.33,ATR初始保护,$70.33,,,Active,,28,4,MA20结构 MACD改善 KDJ回升 量能确认,5,62.495693,31.348104,1.16,5.3676147,0.013,None,0.09032,0.14968,11368539136.0,223615548.15,18.0,8,20,18.0,64.0,58.0,62.2,,,0.29,False,False,True,False,False,,,,,,,,,
2026-10-02 00:00:00,SNPS,Synopsys,Core_Dragon,80.8,489.41,73.9,19.52,动态持有,490.01,MA20/MA50 + ATR + MACD/KDJ,490.01,,,Active,,32,4,MA20结构 MACD改善 周线改善 量能确认,7,85.205574,26.318665,5.74,3.0081124,0.424,0.893,0.03661,0.11432999,93725646848.0,1114347425.54,30.0,11,23,18.0,82.0,78.0,80.8,425.38,414.61,3.99,False,True,False,False,False,NORMAL,15.59000015258789,None,STOP_NEAR,2026-10-08,1.55,收盘距离移动止损约 1.55%，次日 Scan 强提醒。,,
2026-10-02 00:00:00,GEV,GE Vernova,Core_Dragon,77.8,990.38,58.1,4.83,动态持有,960.3,MA20/MA50 + ATR + MACD/KDJ,960.3,2026-10-07,998.33,Stop_Loss_Hit,,28,4,MA20结构 MACD改善 周线改善 量能确认,5,28.398165,39.400185,34.86,22.050562,0.219,0.328,0.82577,0.23035,263659601920.0,2098813306.35,33.0,8,20,18.0,79.0,75.0,77.8,944.66,965.04,3.28,False,False,False,False,False,NORMAL,15.59000015258789,None,STOP_TRIGGERED,2026-10-07,-0.12,今日最低价 980.47 已触及/跌破移动止损 998.33；次日 Scan 禁止重新推荐。,,
2026-10-02 00:00:00,MNST,Monster Beverage,Observation,64.9,42.58,40.0,-1.74,动态持有,$40.62,ATR初始保护,$40.62,,,Active,,14,2,MACD改善 量能确认,7,39.449074,32.54377,1.08,8.913179,0.202,0.18,0.25704,0.23079,83465396224.0,439056876.61,34.0,8,10,18.0,70.0,53.0,64.9,,,2.3,False,False,False,False,False,NORMAL,15.59000015258789,None,,,,,,
2026-10-02 00:00:00,BRK-B,Berkshire Hathaway,Observation,64.7,502.52,46.3,-0.85,动态持有,$487.44,ATR初始保护,$487.44,,,Active,,14,2,MACD改善 量能确认,17,12.63257,23.223097,39.79,0.0009625145,0.1,1.078,0.121199995,0.22296,1076027719680.0,2339218669.84,29.0,8,10,18.0,65.0,64.0,64.7,,,1.15,False,False,False,False,False,NORMAL,15.59000015258789,None,,,,,,
2026-10-02 00:00:00,APA,APA Corporation,Observation,64.5,43.31,51.6,-1.21,动态持有,$40.29,ATR初始保护,$40.29,,,Active,,14,2,MACD改善 量能确认,19,9.134156,9.68545,4.74,2.1624162,0.092,0.263,0.26659,0.19564,15168783360.0,268535665.49,33.0,8,10,18.0,69.0,54.0,64.5,,,3.49,False,False,False,False,False,NORMAL,15.59000015258789,None,,,,,,
2026-10-02 00:00:00,P,Everpure,Observation,64.3,139.92,78.1,25.33,动态持有,$126.94,ATR初始保护,$126.94,,,Active,,25,3,MA20结构 MACD改善 周线改善,5,194.3472,33.148003,0.72,31.97669,0.377,0.5,0.17714001,0.05943,46628487168.0,1064649869.84,29.0,8,18,18.0,73.0,44.0,64.3,,,4.64,False,True,False,False,False,NORMAL,15.59000015258789,None,,,,,,
2026-10-02 00:00:00,MKC,McCormick & Company,Observation,64.1,44.50,23.9,-9.34,动态持有,$41.56,ATR初始保护,$41.56,,,Active,,14,2,KDJ回升 量能确认,17,7.407654,13.507937,6.01,1.7109915,0.174,-0.571,0.22623,0.19393,11969270784.0,165148400.0,29.0,11,10,18.0,68.0,55.0,64.1,,,3.3,False,False,True,False,False,NORMAL,15.59000015258789,None,,,,,,
2026-10-02 00:00:00,CRH,CRH plc,Observation,63.6,82.08,31.8,-5.16,动态持有,$77.24,ATR初始保护,$77.24,,,Active,,21,3,MACD改善 KDJ回升 量能确认,19,14.5053005,12.755141,5.66,2.2746162,0.056,0.139,0.15812,0.099350005,54619852800.0,454613222.94,25.0,8,15,18.0,66.0,58.0,63.6,,,2.95,False,False,True,False,False,NORMAL,15.59000015258789,None,,,,,,
2026-10-06 00:00:00,CRWD,CrowdStrike,Observation,64.8,278.38,71.8,11.94,动态持有,$255.83,ATR初始保护,$255.83,,,Active,,25,3,MA20结构 MACD改善 周线改善,0,4626.1685,172.84288,0.06,55.703415,0.258,None,0.01461,0.00834,284213706752.0,2897393009.82,17.0,8,18,20,63.0,69.0,64.8,,,4.05,False,True,False,False,False,NORMAL,15.039999961853027,5.77,,,,,,
2026-10-06 00:00:00,RCL,Royal Caribbean Group,Observation,64.7,279.80,65.1,12.78,动态持有,$259.77,ATR初始保护,$259.77,,,Active,288.78,28,4,MA20结构 MACD改善 周线改善 量能确认,13,17.78827,14.093193,16.2,7.5293293,0.065,-0.046,0.44669998,0.23541,77071671296.0,978636037.24,19.0,8,20,18.0,65.0,64.0,64.7,,,3.58,False,False,False,False,False,NORMAL,15.039999961853027,None,,,,,,
2026-10-06 00:00:00,DDOG,Datadog,Observation,63.8,276.02,69.3,10.15,动态持有,$253.39,ATR初始保护,$253.39,,,Active,,18,2,MA20结构 周线改善,2,552.04,92.79668,0.5,22.687817,0.356,14.985,0.04696,0.044770002,99111878656.0,917595331.08,24.0,8,13,20,65.0,61.0,63.8,,,4.1,False,True,False,False,False,NORMAL,15.039999961853027,5.77,,,,,,
2026-10-06 00:00:00,BE,Bloom Energy,Observation,63.6,298.79,61.0,8.66,动态持有,$262.94,ATR初始保护,$262.94,2026-10-08,272.82,Observation_Closed,,25,3,MA20结构 MACD改善 周线改善,0,393.2237,60.470245,0.76,54.385807,1.655,None,0.22213,0.07868,88019501056.0,5181330841.48,24.0,8,18,16.0,66.0,58.0,63.6,,,6.61,True,True,False,False,False,NORMAL,15.039999961853027,None,,,,,Closed,观察期价格表现跌破失效阈值，停止继续跟踪
2026-10-06 00:00:00,STZ,Constellation Brands,Observation,63.3,113.83,39.3,-1.25,动态持有,$108.27,ATR初始保护,$108.27,,,Active,115.67,21,3,MACD改善 周线改善 量能确认,19,11.070476,9.476332,10.5,2.414273,-0.033,0.307,0.2369,0.20143999,19851284480.0,272054879.67,28.0,8,15,18.0,69.0,50.0,63.3,,,2.44,True,False,False,False,False,NORMAL,15.039999961853027,None,,,,,,
2026-10-07 00:00:00,ANET,Arista Networks,Core_Dragon,73.9,211.30,67.3,6.58,动态持有,209.36,MA20/MA50 + ATR + MACD/KDJ,209.36,,,Active,215.8300018310547,32,4,MA20结构 MACD改善 周线改善 量能确认,5,68.163246,41.537468,3.17,18.41622,0.377,0.357,0.31476,0.38371,272522280960.0,1050284875.34,33.0,11,23,18.0,85.0,48.0,73.9,202.67,195.89,2.79,False,True,False,False,False,NORMAL,15.109999656677246,None,STOP_NEAR,2026-10-08,0.76,收盘距离移动止损约 0.76%，次日 Scan 强提醒。,,
2026-10-07 00:00:00,KR,Kroger,Core_Dragon,72.5,59.27,53.2,0.39,动态持有,57.93,MA20/MA50 + ATR + MACD/KDJ,57.93,,,Active,59.25,32,4,MA20结构 MACD改善 KDJ回升 周线改善,12,33.12778,10.82169,1.8,6.085315,0.02,0.153,0.14442,0.0072600003,35216801792.0,505824279.45,22.0,11,23,18.0,74.0,69.0,72.5,59.4,58.13,2.49,False,True,True,False,False,NORMAL,15.109999656677246,None,CLEAR,2026-10-08,5.67,本次 Review 未发现触及或接近移动止损。,,
2026-10-07 00:00:00,ISRG,Intuitive Surgical,Core_Dragon,71.9,405.07,61.9,4.48,动态持有,402.08,MA20/MA50 + ATR + MACD/KDJ,402.08,,,Active,414.5199890136719,25,3,MA20结构 MACD改善 周线改善,7,47.338303,34.08285,8.72,8.040632,0.185,0.265,0.17423001,0.28445998,145829642240.0,956927733.86,34.0,7,18,18.0,77.0,60.0,71.9,395.16,383.43,2.74,False,True,False,False,False,NORMAL,15.109999656677246,None,CLEAR,2026-10-08,3.21,本次 Review 未发现触及或接近移动止损。,,
2026-10-07 00:00:00,ADSK,Autodesk,Core_Dragon,69.9,231.42,60.1,8.35,动态持有,228.0,MA20/MA50 + ATR + MACD/KDJ,228.0,,,Active,235.0500030517578,28,4,MA20结构 MACD改善 周线改善 量能确认,10,30.514267,16.568668,7.71,14.534194,0.161,0.596,0.53854,0.21078,49170382848.0,525175000.19,35,8,20,18.0,81.0,44.0,69.9,217.11,233.71,3.12,False,False,False,False,False,NORMAL,15.109999656677246,None,STOP_NEAR,2026-10-08,2.4,收盘距离移动止损约 2.40%，次日 Scan 强提醒。,,
2026-10-07 00:00:00,XYL,Xylem Inc.,Observation,63.8,103.39,39.0,-2.11,动态持有,$98.26,ATR初始保护,$98.26,,,Active,101.81999969482422,21,3,MACD改善 周线改善 量能确认,19,24.413097,16.469608,4.2,2.175578,0.015,0.195,0.09182999,0.111549996,23940571136.0,293791401.74,27.0,8,15,18.0,68.0,54.0,63.8,,,2.48,False,False,False,False,False,NORMAL,15.109999656677246,None,,,,,,
2026-10-07 00:00:00,WM,Waste Management,Observation,63.3,209.00,47.6,0.48,动态持有,$202.27,ATR初始保护,$202.27,,,Active,208.94000244140625,21,3,MACD改善 周线改善 量能确认,8,29.808783,23.102001,7.06,8.480758,0.04,0.083,0.29841,0.11115,84120059904.0,470536320.44,25.0,8,15,18.0,66.0,57.0,63.3,,,1.61,False,False,False,False,False,NORMAL,15.109999656677246,None,,,,,,
2026-10-07 00:00:00,APP,AppLovin,Observation,62.9,274.85,35.9,-9.14,动态持有,$245.32,ATR初始保护,$245.32,,,Active,281.2900085449219,21,3,MACD改善 周线改善 量能确认,13,21.481937,13.320758,13.01,29.624763,0.528,0.57,2.03686,0.64575994,93888380928.0,1526032127.39,35,8,15,16.0,74.0,37.0,62.9,,,5.37,False,False,False,False,False,NORMAL,15.109999656677246,None,,,,,,
2026-10-07 00:00:00,ED,Consolidated Edison,Observation,62.9,105.15,49.4,0.51,动态持有,$101.93,ATR初始保护,$101.93,,,Active,104.63999938964844,21,3,MACD改善 周线改善 量能确认,19,16.998379,16.135658,6.17,1.5088259,0.132,0.221,0.08962,0.12533,38787624960.0,235509082.63,27.0,8,15,18.0,68.0,51.0,62.9,,,1.53,False,False,False,False,False,NORMAL,15.109999656677246,None,,,,,,
2026-10-07 00:00:00,PM,Philip Morris International,Observation,62.7,191.51,55.2,0.92,动态持有,$183.01,ATR初始保护,$183.01,,,Active,192.69000244140625,32,4,MA20结构 MACD改善 周线改善 量能确认,8,27.67888,20.960682,6.96,-34.981842,0.104,-0.075,None,0.25559,300259082240.0,875943349.28,17.0,8,23,18.0,66.0,55.0,62.7,,,2.22,False,True,False,False,False,NORMAL,15.109999656677246,None,,,,,,
2026-10-07 00:00:00,VRSN,Verisign,Observation,62.3,293.20,57.2,1.42,动态持有,$279.25,ATR初始保护,$279.25,,,Active,294.2200012207031,32,4,MA20结构 MACD改善 周线改善 量能确认,5,32.28013,26.876446,9.21,-11.922999,0.06,0.077,None,0.49769002,26875918336.0,230197894.05,16.0,11,23,18.0,68.0,49.0,62.3,,,2.38,False,True,False,True,False,NORMAL,15.109999656677246,None,,,,,,
2026-05-27 00:00:00,PTON,PTON,Observation,77.4,5.77,64.9,7.57,观望,跌破 5.20 美元 8. OPENDOOR (OPEN) - 评分:76.8分:,,,2026-09-23,N/A,Observation_Closed,,,,,,,,,,,,,,,,,,,,,,,,,,,,,,,,,,,,,,,
2026-05-28 00:00:00,AIM,AIM IMMUNOTECH,Observation,78.9,0.40,49.8,6.1,观望,不建议参与 5. 特斯拉 (TSLA) - 评分:78.9分:,,,2026-06-30,0.30,Dropped,,,,,,,,,,,,,,,,,,,,,,,,,,,,,,,,,,,,,,,
2026-05-28 00:00:00,JBLU,JBLU,Observation,74.3,5.40,60.4,10.72,观望,跌破5.0美元 8. Ondas Holdings (ONDS) - 评分:72.7分:,,,2026-07-08,5.72,Dropped,,,,,,,,,,,,,,,,,,,,,,,,,,,,,,,,,,,,,,,
2026-05-28 00:00:00,ONDS,ONDS,Observation,72.7,10.80,57.6,12.3,观望,跌破9.5美元 9. Marathon Digital (MARA) - 评分:72.7分:,,,2026-06-30,8.02,Stop_Loss_Hit,,,,,,,,,,,,,,,,,,,,,,,,,,,,,,,,,,,,,,,
2026-06-03 00:00:00,SRXH,SRXH,Observation,78.9,0.13,54.2,6.12,观望,$0.11,,,2026-06-30,0.09,Dropped,,,,,,,,,,,,,,,,,,,,,,,,,,,,,,,,,,,,,,,
2026-06-03 00:00:00,OPEN,OPEN,Observation,72.5,5.41,63.3,12.53,N/A,$4.50,,,2026-07-24,3.85,Dropped,,,,,,,,,,,,,,,,,,,,,,,,,,,,,,,,,,,,,,,
2026-06-04 00:00:00,GGB,GGB,Core_Dragon,84.2,4.75,56.2,0.85,15-30天,N/A,,,2026-09-29,4.68,Stop_Loss_Hit,,,,,,,,,,,,,,,,,,,,,,,,,,,,,,,,,,STOP_TRIGGERED,2026-09-29,-0.86,今日最低价 4.63 已触及/跌破移动止损 4.68；次日 Scan 禁止重新推荐。,,
2026-06-04 00:00:00,META,META,Core_Dragon,83.4,622.98,51.5,1.6,10-25天,N/A,,,2026-06-30,562.60,Period_Matured,,,,,,,,,,,,,,,,,,,,,,,,,,,,,,,,,,,,,,,
2026-06-04 00:00:00,BAC,BANK OF AMERICA,Observation,82.9,52.40,56.2,2.1,10-20天,N/A,,,2026-06-11,N/A,Observation_Closed,,,,,,,,,,,,,,,,,,,,,,,,,,,,,,,,,,,,,,,
2026-06-04 00:00:00,FXI,FXI,Observation,82.8,35.54,44.1,-2.21,10-20天,N/A,,,2026-06-30,31.71,Stop_Loss_Hit,,,,,,,,,,,,,,,,,,,,,,,,,,,,,,,,,,,,,,,
2026-06-04 00:00:00,PCG,PCG,Observation,82.2,16.85,55.2,2.85,10-20天,N/A,,,2026-06-23,N/A,Observation_Closed,,,,,,,,,,,,,,,,,,,,,,,,,,,,,,,,,,,,,,,
2026-06-04 00:00:00,INTC,INTC,Observation,81.8,112.71,56.3,-3.24,10-20天,N/A,,,2026-06-30,131.72,Period_Matured,,,,,,,,,,,,,,,,,,,,,,,,,,,,,,,,,,,,,,,
2026-06-04 00:00:00,KWEB,KWEB,Observation,81.3,27.22,43.2,-3.67,10-20天,N/A,,,2026-09-23,N/A,Observation_Closed,,,,,,,,,,,,,,,,,,,,,,,,,,,,,,,,,,,,,,,
2026-06-04 00:00:00,RIG,RIG,Observation,78.5,6.18,41.2,-6.51,10-20天,N/A,,,2026-09-23,N/A,Observation_Closed,,,,,,,,,,,,,,,,,,,,,,,,,,,,,,,,,,,,,,,
2026-06-05 00:00:00,SRXH,SRXH,Observation,80.2,0.13,53.7,4.84,观望,0.12,,,2026-06-30,0.09,Dropped,,,,,,,,,,,,,,,,,,,,,,,,,,,,,,,,,,,,,,,
2026-06-08 00:00:00,TZA,TZA,Core_Dragon,82.6,4.70,49.3,2.37,3-7天,N/A,,,2026-06-30,3.85,Stop_Loss_Hit,,,,,,,,,,,,,,,,,,,,,,,,,,,,,,,,,,,,,,,
2026-06-08 00:00:00,SQQQ,SQQQ,Observation,79.1,43.19,47.3,5.93,3-7天,N/A,,,2026-09-23,N/A,Observation_Closed,,,,,,,,,,,,,,,,,,,,,,,,,,,,,,,,,,,,,,,
2026-06-08 00:00:00,F,F,Observation,57.1,14.90,54.3,2.85,3-7天,N/A,,,2026-07-02,13.64,Dropped,,,,,,,,,,,,,,,,,,,,,,,,,,,,,,,,,,,,,,,
2026-06-08 00:00:00,SMCI,SMCI,Observation,50.0,41.64,58.3,9.96,3-7天,N/A,,,2026-09-23,N/A,Observation_Closed,,,,,,,,,,,,,,,,,,,,,,,,,,,,,,,,,,,,,,,
2026-06-08 00:00:00,MRVL,MRVL,Observation,33.6,263.47,65.0,26.35,3-7天,N/A,,,2026-07-08,230.70,Dropped,,,,,,,,,,,,,,,,,,,,,,,,,,,,,,,,,,,,,,,
2026-09-18 00:00:00,GLW,Corning Inc.,Observation,77.5,152.00,47.9,-0.34,动态持有,观望,ATR初始保护,观望,2026-10-02,164.19,Observation_Closed,150.13,32,4,MACD改善 KDJ回升 周线改善 量能确认,7,69.3871,34.614906,2.17,10.861286,0.166,0.185,0.16813,0.111999996,129435672576.0,1323990491.24,34.0,14,23,14.0,85.0,60.0,77.5,,,5.9,False,True,True,False,False,,,,,,,,,
2026-09-18 00:00:00,VLO,Valero Energy,Observation,74.7,412.00,80.3,10.92,动态持有,观望,ATR初始保护,观望,2026-09-23,375.84,Observation_Closed,413.28,32,4,MA20结构 MACD改善 周线改善 量能确认,15,17.281185,11.097511,23.97,4.770586,0.517,4.535,0.27637,0.05446,119268196352.0,1155310528.56,34.0,8,23,16.0,81.0,60.0,74.7,,,3.1,False,True,False,False,False,,,,,,,,,
2026-09-18 00:00:00,TXN,Texas Instruments,Observation,74.0,260.82,48.9,1.36,动态持有,观望,ATR初始保护,观望,2026-10-02,293.80,Observation_Closed,266.64,28,4,MACD改善 KDJ回升 周线改善 量能确认,19,40.129177,24.805422,6.58,13.387922,0.228,0.518,0.35176,0.31111,241143037952.0,1379986279.08,34.0,8,20,18.0,80.0,60.0,74.0,,,3.29,False,False,True,False,False,,,,,,,,,
2026-09-18 00:00:00,FTNT,Fortinet,Observation,74.0,172.46,54.3,2.77,动态持有,观望,ATR初始保护,观望,2026-09-21,175.23,Observation_Closed,169.84,25,3,MA20结构 周线改善 量能确认,5,58.367546,44.033253,2.85,78.68851,0.256,0.439,1.17442,0.28173,122051436544.0,719553527.63,33.0,11,18,18.0,80.0,60.0,74.0,,,4.27,False,True,False,False,False,,,,,,,,,
2026-09-21 00:00:00,HST,Host Hotels & Resorts,Observation,64.9,21.92,39.3,-1.23,动态持有,观望,ATR初始保护,观望,2026-10-05,22.44,Observation_Closed,22.31,21,3,MACD改善 KDJ回升 量能确认,15,14.691275,20.737217,1.49,2.3472013,0.036,0.084,0.15558,0.16474001,15207562240.0,181791780.35,26.0,8,15,18.0,67.0,60.0,64.9,,,1.87,False,False,True,False,False,,,,,,,,,
2026-09-21 00:00:00,DDOG,Datadog,Observation,64.9,229.73,51.6,3.62,动态持有,观望,ATR初始保护,观望,2026-09-28,268.70,Observation_Closed,245.05,21,3,MACD改善 周线改善 量能确认,8,460.2157,78.934715,0.51,19.29229,0.356,14.985,0.04696,0.044770002,84278501376.0,860209774.92,24.0,8,15,20,67.0,60.0,64.9,,,4.97,False,False,False,False,False,,,,,,,,,
2026-09-21 00:00:00,KR,Kroger,Observation,64.2,60.06,56.6,2.19,动态持有,观望,ATR初始保护,观望,2026-10-05,58.78,Observation_Closed,59.69,25,3,MA20结构 周线改善 量能确认,12,32.583782,10.935544,1.85,6.1453767,0.02,0.136,0.14442,0.0072600003,35926880256.0,422764601.37,19.0,11,18,18.0,66.0,60.0,64.2,,,2.43,False,True,False,False,False,,,,,,,,,
2026-09-21 00:00:00,DHR,Danaher Corporation,Observation,63.5,212.03,57.6,1.33,动态持有,观望,ATR初始保护,观望,2026-10-05,221.21,Observation_Closed,215.84,21,3,MA20结构 MACD改善 量能确认,14,37.886806,22.858553,5.61,2.8412828,0.055,0.597,0.07605,0.15948,149416165376.0,755842472.98,24.0,8,15,18.0,65.0,60.0,63.5,,,2.6,True,False,False,False,False,,,,,,,,,
2026-09-21 00:00:00,ADBE,Adobe Inc.,Observation,63.5,248.92,40.9,-8.09,动态持有,观望,ATR初始保护,观望,2026-09-28,231.01,Observation_Closed,249.52,14,2,MACD改善 量能确认,15,13.686383,8.8627,17.92,8.235175,0.129,0.105,0.61902,0.28048,97490845696.0,1349449326.75,29.0,8,10,18.0,65.0,60.0,63.5,,,3.99,False,False,False,False,False,,,,,,,,,
2026-09-22 00:00:00,TJX,TJX Companies,Observation,64.9,127.73,42.1,0.17,动态持有,观望,ATR初始保护,观望,2026-10-06,137.03,Observation_Closed,127.73,21,3,MACD改善 周线改善 量能确认,11,24.296848,22.68287,5.39,13.911198,0.054,0.236,0.62171,0.09729,144052600832.0,1180700061.33,26.0,8,15,18.0,67.0,60.0,64.9,,,2.3,False,False,False,False,False,,,,,,,,,
2026-09-22 00:00:00,UAL,United Airlines Holdings,Observation,64.9,111.80,53.9,4.26,动态持有,观望,ATR初始保护,观望,2026-10-06,111.87,Observation_Closed,111.80,21,3,MACD改善 周线改善 量能确认,17,10.710673,7.855323,10.68,2.2237124,0.16,-0.172,0.23252001,0.05558,37127532544.0,405394726.14,27.0,7,15,18.0,67.0,60.0,64.9,,,3.42,False,False,False,False,False,,,,,,,,,
2026-09-22 00:00:00,IR,Ingersoll Rand,Observation,64.9,72.51,34.2,-3.68,动态持有,观望,ATR初始保护,观望,2026-10-06,79.21,Observation_Closed,72.51,21,3,MACD改善 KDJ回升 量能确认,14,29.880163,18.459284,2.42,2.756662,0.085,None,0.0947,0.12076,28056238080.0,291111011.42,23.0,11,15,18.0,67.0,60.0,64.9,,,2.79,False,False,True,False,False,,,,,,,,,
2026-09-22 00:00:00,AXP,American Express,Observation,64.9,315.18,34.7,-3.68,动态持有,观望,ATR初始保护,观望,2026-10-06,304.55,Observation_Closed,315.18,21,3,MACD改善 KDJ回升 量能确认,15,19.02852,15.593975,16.48,6.1748548,0.128,0.11,0.34377,0.16141,211770408960.0,834611935.5,26.0,8,15,18.0,67.0,60.0,64.9,,,1.95,False,False,True,False,False,,,,,,,,,
2026-09-22 00:00:00,TMO,Thermo Fisher Scientific,Observation,64.9,653.89,69.8,5.5,动态持有,观望,ATR初始保护,观望,2026-10-06,656.58,Observation_Closed,653.89,21,3,MA20结构 MACD改善 量能确认,12,35.474422,23.917547,18.57,4.623753,0.105,0.094,0.13515,0.15036,243574734848.0,1335734733.8,26.0,8,15,18.0,67.0,60.0,64.9,,,2.33,False,False,False,False,False,,,,,,,,,
2026-09-22 00:00:00,CRWD,CrowdStrike,Observation,64.2,231.62,64.6,14.0,动态持有,观望,ATR初始保护,观望,2026-09-23,262.49,Observation_Closed,231.62,32,4,MA20结构 MACD改善 周线改善 量能确认,0,4987.0,155.27023,0.05,50.04014,0.258,None,0.01461,0.00834,255318163456.0,3168605228.56,17.0,8,23,18.0,66.0,60.0,64.2,,,5.34,False,True,False,False,False,,,,,,,,,
2026-09-22 00:00:00,P,Everpure,Observation,64.9,113.66,65.4,14.68,动态持有,观望,ATR初始保护,观望,2026-09-28,129.40,Observation_Closed,,25,3,MACD改善 周线改善 量能确认,5,155.69862,32.018074,0.73,25.973494,0.377,0.5,0.17714001,0.05943,37874610176.0,758346932.33,29.0,4,18,16.0,67.0,60.0,64.9,,,5.25,True,True,False,False,False,,,,,,,,,
2026-09-22 00:00:00,INVH,Invitation Homes,Observation,64.2,27.08,24.9,-4.66,动态持有,观望,ATR初始保护,观望,2026-10-06,26.39,Observation_Closed,,21,3,MACD改善 KDJ回升 量能确认,14,24.844036,38.093094,1.09,1.7663558,0.101,0.605,0.070539996,0.23197001,15994077184.0,132912972.43,26.0,7,15,18.0,66.0,60.0,64.2,,,1.7,False,False,True,False,False,,,,,,,,,
2026-09-22 00:00:00,WELL,Welltower,Observation,64.2,232.76,45.4,-1.64,动态持有,观望,ATR初始保护,观望,2026-10-06,225.78,Observation_Closed,,21,3,MACD改善 KDJ回升 量能确认,8,104.84684,73.19496,2.22,3.6051605,0.391,0.356,0.03836,0.12149999,167720337408.0,630296608.12,29.0,4,15,18.0,66.0,60.0,64.2,,,2.14,False,False,True,False,False,,,,,,,,,
2026-09-22 00:00:00,CNP,CenterPoint Energy,Observation,64.2,37.99,33.7,-2.87,动态持有,观望,ATR初始保护,观望,2026-10-06,38.56,Observation_Closed,,14,2,周线改善 量能确认,19,22.613096,18.199675,1.68,2.1351094,0.107,0.233,0.09825,0.11611,25024784384.0,245763779.16,27.0,11,10,18.0,66.0,60.0,64.2,,,1.84,False,False,False,False,False,,,,,,,,,
2026-09-22 00:00:00,DOC,Healthpeak Properties,Observation,63.5,20.72,49.1,-0.24,动态持有,观望,ATR初始保护,观望,2026-09-23,20.48,Observation_Closed,,21,3,MACD改善 周线改善 量能确认,8,59.2,148.0,0.35,1.821058,0.111,0.682,0.03039,0.08248,14689386496.0,95825334.82,24.0,8,15,18.0,65.0,60.0,63.5,,,1.86,True,False,False,False,False,,,,,,,,,
2026-09-23 00:00:00,MGM,MGM Resorts,Observation,64.9,38.54,28.7,-4.98,动态持有,观望,ATR初始保护,观望,2026-09-28,31.86,Observation_Closed,37.85,21,3,MACD改善 周线改善 量能确认,19,23.345455,18.644272,1.65,3.8550842,0.01,5.194,0.18924999,0.02398,9691353088.0,90818027.28,26.0,8,15,18.0,67.0,60.0,64.9,,,2.3,False,False,False,False,False,,,,,,,,,
2026-09-23 00:00:00,IBKR,Interactive Brokers,Observation,64.9,90.92,52.8,0.5,动态持有,观望,ATR初始保护,观望,2026-09-30,85.42,Observation_Closed,91.56,14,2,MACD改善 量能确认,7,36.734127,28.960615,2.52,7.0647945,0.263,0.353,0.24018998,0.16474001,157722198016.0,360431203.79,31.0,8,10,18.0,67.0,60.0,64.9,,,3.23,True,False,False,False,False,,,,,,,,,
2026-09-23 00:00:00,EW,Edwards Lifesciences,Observation,64.2,88.70,50.1,-0.06,动态持有,观望,ATR初始保护,观望,2026-10-07,85.78,Observation_Closed,86.82,25,3,MACD改善 周线改善 量能确认,5,52.387573,26.215971,1.69,4.8077655,0.136,-0.254,0.09175,0.15431,50978455552.0,275955638.26,22.0,8,18,18.0,66.0,60.0,64.2,,,2.27,False,True,False,False,False,,,,,,,,,
2026-09-23 00:00:00,DECK,Deckers Brands,Observation,64.2,79.26,35.9,-4.86,动态持有,观望,ATR初始保护,观望,2026-10-07,80.38,Observation_Closed,78.59,21,3,MACD改善 周线改善 量能确认,13,11.263949,9.456954,6.99,4.6771417,0.057,0.011,0.42558,0.18361,10722278400.0,265807056.38,25.0,8,15,18.0,66.0,60.0,64.2,,,3.34,False,False,False,False,False,,,,,,,,,
2026-09-23 00:00:00,DOC,Healthpeak Properties,Observation,63.5,20.44,49.7,0.12,动态持有,观望,ATR初始保护,观望,2026-10-05,18.84,Observation_Closed,20.48,21,3,MACD改善 周线改善 量能确认,8,59.285717,148.21428,0.35,1.8236948,0.111,0.682,0.03039,0.08248,14710656000.0,96384787.5,24.0,8,15,18.0,65.0,60.0,63.5,,,1.88,False,False,False,False,False,,,,,,,,,
2026-09-28 00:00:00,UDR,UDR  Inc.,Observation,64.9,33.95,27.7,-3.36,动态持有,观望,ATR初始保护,观望,,,Active,33.83,21,3,MACD改善 周线改善 量能确认,7,21.379745,60.321426,1.58,3.7479198,-0.001,0.909,0.13739,0.29563,12409563136.0,135695645.45,23.0,11,15,18.0,67.0,60.0,64.9,,,1.69,False,False,False,False,False,,,,,,,,,
2026-09-28 00:00:00,CSX,CSX Corporation,Observation,64.9,46.65,37.9,-2.32,动态持有,观望,ATR初始保护,观望,,,Active,46.76,14,2,MACD改善 KDJ回升,10,27.32558,20.680521,1.72,6.1825833,0.101,0.227,0.24357,0.22208999,87066320896.0,508533744.62,31.0,8,10,18.0,67.0,60.0,64.9,,,1.97,False,False,True,False,False,,,,,,,,,
2026-09-28 00:00:00,GNRC,Generac,Observation,64.9,207.41,55.8,7.86,动态持有,观望,ATR初始保护,观望,,,Active,205.21,14,2,MA20结构 周线改善,12,47.532185,16.578096,4.35,4.239681,0.106,0.92,0.09491,0.05817,12212355072.0,312092835.02,28.0,11,10,18.0,67.0,60.0,64.9,,,5.0,False,False,False,False,False,,,,,,,,,
2026-09-28 00:00:00,CMG,Chipotle Mexican Grill,Observation,63.5,31.20,33.1,-9.46,动态持有,观望,ATR初始保护,观望,,,Active,31.85,21,3,MACD改善 KDJ回升 量能确认,6,29.35648,23.120398,1.08,18.273775,0.093,-0.013,0.49560001,0.114250004,40120078336.0,401511996.38,24.0,8,15,18.0,65.0,60.0,63.5,,,3.52,False,False,True,False,False,,,,,,,,,
2026-09-28 00:00:00,CHTR,Charter Communications,Observation,63.5,112.75,30.4,-16.31,动态持有,观望,ATR初始保护,观望,,,Active,111.40,21,3,MACD改善 KDJ回升 量能确认,19,2.9445746,2.7032967,38.43,0.7962174,-0.017,0.161,0.27201998,0.09052,14706002944.0,345318934.26,26.0,8,15,16.0,65.0,60.0,63.5,,,5.78,False,False,True,False,False,,,,,,,,,
2026-06-02 00:00:00,DNN,DNN,Observation,83.5,3.43,46.7,-1.55,N/A,N/A,,,2026-09-23,N/A,Observation_Closed,,,,,,,,,,,,,,,,,,,,,,,,,,,,,,,,,,,,,,,
2026-06-02 00:00:00,SRXH,SRXH,Observation,83.4,0.12,48.3,-1.64,N/A,N/A,,,2026-06-30,0.09,Dropped,,,,,,,,,,,,,,,,,,,,,,,,,,,,,,,,,,,,,,,
2026-06-02 00:00:00,EEM,EEM,Observation,80.1,70.08,69.2,4.94,N/A,N/A,,,2026-07-20,63.29,Dropped,,,,,,,,,,,,,,,,,,,,,,,,,,,,,,,,,,,,,,,
2026-06-02 00:00:00,BYND,BEYOND MEAT,Observation,80.0,0.78,46.6,-4.99,N/A,N/A,,,2026-06-30,0.71,Period_Matured,,,,,,,,,,,,,,,,,,,,,,,,,,,,,,,,,,,,,,,
2026-06-02 00:00:00,LYFT,LYFT,Observation,77.2,14.86,63.8,7.8,N/A,N/A,,,2026-09-23,N/A,Observation_Closed,,,,,,,,,,,,,,,,,,,,,,,,,,,,,,,,,,,,,,,
2026-06-02 00:00:00,UUUU,UUUU,Observation,75.5,17.62,41.5,-9.47,N/A,N/A,,,2026-09-23,N/A,Observation_Closed,,,,,,,,,,,,,,,,,,,,,,,,,,,,,,,,,,,,,,,
2026-06-05 00:00:00,SNAP,SNAP,Observation,79.2,6.07,59.3,5.77,观望,N/A,,,2026-09-23,N/A,Observation_Closed,,,,,,,,,,,,,,,,,,,,,,,,,,,,,,,,,,,,,,,
2026-06-08 00:00:00,BCDA,BIOCARDIA,Observation,79.0,1.03,53.5,5.97,观望,N/A,,,2026-09-23,N/A,Observation_Closed,,,,,,,,,,,,,,,,,,,,,,,,,,,,,,,,,,,,,,,
2026-06-08 00:00:00,MU,MU,Observation,58.3,864.01,55.2,1.67,观望,N/A,,,2026-07-06,975.56,Stop_Loss_Hit,,,,,,,,,,,,,,,,,,,,,,,,,,,,,,,,,,,,,,,
2026-06-09 00:00:00,XLF,XLF,Observation,0,51.97,54.3,0.85,观望,观望,,,2026-09-23,N/A,Observation_Closed,,,,,,,,,,,,,,,,,,,,,,,,,,,,,,,,,,,,,,,
2026-06-09 00:00:00,MU,MU,Observation,0,949.28,60.8,10.39,观望,观望,,,2026-07-06,975.56,Stop_Loss_Hit,,,,,,,,,,,,,,,,,,,,,,,,,,,,,,,,,,,,,,,
2026-06-10 00:00:00,GOOG,Alphabet Inc. (Class C),Observation,0,364.33,46.5,-3.53,观望,观望,,,2026-07-23,341.91,Dropped,,,,,,,,,,,,,,,,,,,,,,,,,,,,,,,,,,,,,,,
2026-06-10 00:00:00,WMT,Walmart,Observation,0,119.00,42.3,-2.7,观望,观望,,,2026-06-30,114.60,Stop_Loss_Hit,,,,,,,,,,,,,,,,,,,,,,,,,,,,,,,,,,,,,,,
2026-06-10 00:00:00,SLB,Schlumberger,Observation,0,56.28,53.0,0.32,观望,观望,,,2026-07-01,46.49,Dropped,,,,,,,,,,,,,,,,,,,,,,,,,,,,,,,,,,,,,,,
2026-06-10 00:00:00,KHC,Kraft Heinz,Observation,0,23.97,61.3,3.65,观望,观望,,,2026-07-02,25.01,Dropped,,,,,,,,,,,,,,,,,,,,,,,,,,,,,,,,,,,,,,,
2026-06-11 00:00:00,KEY,KeyCorp,Observation,0,21.98,59.8,3.48,观望,观望,,,2026-09-23,N/A,Observation_Closed,,,,,,,,,,,,,,,,,,,,,,,,,,,,,,,,,,,,,,,
2026-06-11 00:00:00,BAC,Bank of America,Observation,0,54.54,67.4,5.52,观望,观望,,,2026-09-23,N/A,Observation_Closed,,,,,,,,,,,,,,,,,,,,,,,,,,,,,,,,,,,,,,,
2026-06-12 00:00:00,SATS,EchoStar,Observation,0,128.13,53.8,1.08,观望,观望,,,2026-07-01,101.50,Dropped,,,,,,,,,,,,,,,,,,,,,,,,,,,,,,,,,,,,,,,
2026-06-12 00:00:00,INTC,Intel,Observation,0,116.96,57.8,3.28,观望,观望,,,2026-06-30,131.72,Period_Matured,,,,,,,,,,,,,,,,,,,,,,,,,,,,,,,,,,,,,,,
2026-06-12 00:00:00,NCLH,Norwegian Cruise Line Holdings,Observation,0,19.06,57.8,9.24,观望,观望,,,2026-07-09,18.47,Dropped,,,,,,,,,,,,,,,,,,,,,,,,,,,,,,,,,,,,,,,
2026-06-16 00:00:00,CSX,CSX Corporation,Observation,0,47.57,62.7,2.72,观望,观望,,,2026-09-23,N/A,Observation_Closed,,,,,,,,,,,,,,,,,,,,,,,,,,,,,,,,,,,,,,,
2026-06-16 00:00:00,NCLH,Norwegian Cruise Line Holdings,Observation,0,20.14,63.7,12.81,观望,观望,,,2026-07-09,18.47,Dropped,,,,,,,,,,,,,,,,,,,,,,,,,,,,,,,,,,,,,,,
2026-06-17 00:00:00,NVDA,Nvidia,Observation,0,207.41,47.5,-2.67,观望,观望,,,2026-07-08,196.93,Period_Matured,,,,,,,,,,,,,,,,,,,,,,,,,,,,,,,,,,,,,,,
2026-06-18 00:00:00,MRVL,Marvell Technology,Observation,0,289.54,61.2,15.17,观望,观望,,,2026-07-08,230.70,Dropped,,,,,,,,,,,,,,,,,,,,,,,,,,,,,,,,,,,,,,,
2026-06-18 00:00:00,F,Ford Motor Company,Observation,0,13.96,45.4,-7.79,观望,观望,,,2026-07-02,13.64,Dropped,,,,,,,,,,,,,,,,,,,,,,,,,,,,,,,,,,,,,,,
2026-06-18 00:00:00,SLB,Schlumberger,Observation,0,50.33,33.8,-9.44,观望,观望,,,2026-07-01,46.49,Dropped,,,,,,,,,,,,,,,,,,,,,,,,,,,,,,,,,,,,,,,
2026-06-18 00:00:00,NCLH,Norwegian Cruise Line Holdings,Observation,0,19.83,60.2,8.01,观望,观望,,,2026-07-09,18.47,Dropped,,,,,,,,,,,,,,,,,,,,,,,,,,,,,,,,,,,,,,,
2026-06-18 00:00:00,DVN,Devon Energy,Observation,0,42.58,39.0,-5.27,观望,观望,,,2026-06-30,41.99,Period_Matured,,,,,,,,,,,,,,,,,,,,,,,,,,,,,,,,,,,,,,,
2026-06-18 00:00:00,XOM,ExxonMobil,Observation,0,140.74,36.5,-5.49,观望,观望,,,2026-06-30,136.06,Period_Matured,,,,,,,,,,,,,,,,,,,,,,,,,,,,,,,,,,,,,,,
2026-06-18 00:00:00,KLAC,KLA Corporation,Observation,0,238.73,64.2,13.11,观望,观望,,,2026-07-08,216.47,Dropped,,,,,,,,,,,,,,,,,,,,,,,,,,,,,,,,,,,,,,,
2026-06-19 00:00:00,MRVL,Marvell Technology,Observation,N/A,289.54,61.2,15.17,观望,观望,,,2026-07-08,230.70,Dropped,,,,,,,,,,,,,,,,,,,,,,,,,,,,,,,,,,,,,,,
2026-06-19 00:00:00,ARM,Arm Holdings,Observation,N/A,418.88,66.7,18.61,观望,观望,,,2026-09-23,N/A,Observation_Closed,,,,,,,,,,,,,,,,,,,,,,,,,,,,,,,,,,,,,,,
2026-06-22 00:00:00,MU,Micron Technology,Observation,N/A,1133.99,66.4,17.44,观望,观望,,,2026-07-06,975.56,Stop_Loss_Hit,,,,,,,,,,,,,,,,,,,,,,,,,,,,,,,,,,,,,,,
2026-06-23 00:00:00,AAPL,Apple,Observation,N/A,297.01,49.9,-1.98,观望,观望,,,2026-09-23,N/A,Observation_Closed,,,,,,,,,,,,,,,,,,,,,,,,,,,,,,,,,,,,,,,
2026-06-23 00:00:00,CSCO,Cisco,Observation,N/A,121.53,58.5,0.05,观望,观望,,,2026-08-13,N/A,Observation_Closed,,,,,,,,,,,,,,,,,,,,,,,,,,,,,,,,,,,,,,,
2026-06-26 00:00:00,MU,Micron Technology,Observation,N/A,1213.56,64.5,18.4,观望,观望,,,2026-07-06,975.56,Stop_Loss_Hit,,,,,,,,,,,,,,,,,,,,,,,,,,,,,,,,,,,,,,,
2026-06-26 00:00:00,LRCX,Lam Research,Observation,N/A,401.82,64.8,14.0,观望,观望,,,2026-08-03,293.02,Dropped,,,,,,,,,,,,,,,,,,,,,,,,,,,,,,,,,,,,,,,
2026-09-15 00:00:00,PANW,Palo Alto Networks,Observation,N/A,368.13,57.7,6.01,观望,观望,ATR初始保护,观望,2026-09-29,388.41,Observation_Closed,375.09,29,,,14,912.04877,76.6448,0.41,11.11263,,,,,,,,,,,,,,,,5.2,False,True,True,True,False,,,,,,,,,
2026-09-15 00:00:00,APA,APA Corporation,Observation,N/A,45.67,64.7,3.83,观望,观望,ATR初始保护,观望,2026-09-28,42.33,Observation_Closed,47.41,8,,,19,9.5,10.255068,4.74,2.249026,,,,,,,,,,,,,,,,3.27,False,True,False,True,False,,,,,,,,,
2026-09-15 00:00:00,LUV,Southwest Airlines,Observation,N/A,39.74,41.5,-0.54,观望,观望,ATR初始保护,观望,2026-09-29,42.08,Observation_Closed,39.28,28,,,19,24.7,8.388752,1.6,2.730036,,,,,,,,,,,,,,,,3.05,False,False,False,True,True,,,,,,,,,
2026-09-15 00:00:00,BBY,Best Buy,Observation,N/A,95.00,66.1,9.1,观望,观望,ATR初始保护,观望,2026-09-29,88.75,Observation_Closed,93.24,13,,,15,15.778702,13.146713,6.01,6.268509,,,,,,,,,,,,,,,,3.58,False,True,False,True,False,,,,,,,,,
2026-09-15 00:00:00,LHX,L3Harris,Observation,N/A,251.90,31.0,-4.73,观望,观望,ATR初始保护,观望,2026-09-29,236.47,Observation_Closed,249.66,29,,,17,25.119072,18.511894,9.91,2.4219456,,,,,,,,,,,,,,,,2.54,False,False,True,True,False,,,,,,,,,
2026-09-02 00:00:00,USB,U.S. Bancorp,Observation,N/A,61.68,37.8,-3.56,观望,观望,ATR初始保护,观望,2026-09-23,58.48,Observation_Closed,62.77,0,,,0,None,None,None,None,,,,,,,,,,,,,,,,1.76,False,False,False,False,False,,,,,,,,,
2026-09-02 00:00:00,SO,Southern Company,Observation,N/A,87.99,31.5,-3.11,观望,观望,ATR初始保护,观望,2026-09-23,83.47,Observation_Closed,88.31,6,,,19,21.226505,17.88724,4.15,2.5609047,,,,,,,,,,,,,,,,1.75,False,False,True,False,False,,,,,,,,,
2026-09-02 00:00:00,ADM,Archer Daniels Midland,Observation,N/A,84.65,62.0,5.94,观望,观望,ATR初始保护,观望,2026-09-10,86.91,Observation_Closed,85.38,6,,,19,23.101093,14.858881,3.66,1.7287914,,,,,,,,,,,,,,,,3.11,False,False,False,False,False,,,,,,,,,
2026-09-02 00:00:00,DG,Dollar General,Observation,N/A,131.50,64.2,5.83,观望,观望,ATR初始保护,观望,2026-09-23,120.60,Observation_Closed,130.89,5,,,19,17.046814,15.88962,7.69,3.1135547,,,,,,,,,,,,,,,,3.21,False,True,False,False,False,,,,,,,,,
2026-09-02 00:00:00,DUK,Duke Energy,Observation,N/A,120.22,41.3,-1.49,观望,观望,ATR初始保护,观望,2026-09-23,114.17,Observation_Closed,120.56,18,,,19,18.10376,16.785364,6.65,1.7461492,,,,,,,,,,,,,,,,1.67,False,False,True,False,False,,,,,,,,,
2026-09-02 00:00:00,EVRG,Evergy,Observation,N/A,81.36,43.2,-0.91,观望,观望,ATR初始保护,观望,2026-09-04,81.54,Observation_Closed,80.77,19,,,19,20.743002,17.857494,3.93,1.8385204,,,,,,,,,,,,,,,,1.66,False,False,True,False,False,,,,,,,,,
2026-09-03 00:00:00,TFC,Truist Financial,Observation,N/A,51.09,49.3,-0.73,观望,观望,ATR初始保护,观望,2026-09-14,50.10,Observation_Closed,51.61,18,,,19,11.68046,10.207813,4.35,1.0577043,,,,,,,,,,,,,,,,1.94,False,False,False,False,False,,,,,,,,,
2026-09-03 00:00:00,FITB,Fifth Third Bancorp,Observation,N/A,54.65,41.5,-2.63,观望,观望,ATR初始保护,观望,2026-09-23,51.69,Observation_Closed,54.97,21,,,17,17.836067,11.013461,3.05,1.526846,,,,,,,,,,,,,,,,2.04,False,False,True,False,False,,,,,,,,,
2026-09-03 00:00:00,OKE,Oneok,Observation,N/A,96.46,60.9,2.71,观望,观望,ATR初始保护,观望,2026-09-23,90.54,Observation_Closed,95.75,13,,,17,16.582039,15.379884,5.79,2.6385796,,,,,,,,,,,,,,,,2.63,False,True,False,False,False,,,,,,,,,
2026-09-03 00:00:00,CHTR,Charter Communications,Observation,N/A,160.24,58.3,4.46,观望,观望,ATR初始保护,观望,2026-09-23,116.61,Observation_Closed,151.38,35,,,19,3.80402,3.6045403,41.79,1.1185461,,,,,,,,,,,,,,,,4.79,False,True,True,True,False,,,,,,,,,
2026-09-03 00:00:00,MET,MetLife,Observation,N/A,97.15,54.7,0.07,观望,观望,ATR初始保护,观望,2026-09-23,97.20,Observation_Closed,99.23,17,,,17,18.471264,8.8314495,5.22,2.2408664,,,,,,,,,,,,,,,,1.88,False,False,True,False,False,,,,,,,,,
2026-09-03 00:00:00,SYF,Synchrony Financial,Observation,N/A,79.57,51.3,-0.91,观望,观望,ATR初始保护,观望,2026-09-23,70.67,Observation_Closed,79.85,17,,,17,7.8547096,7.458504,9.98,1.6781195,,,,,,,,,,,,,,,,2.65,False,False,True,False,False,,,,,,,,,
2026-09-04 00:00:00,RTX,RTX Corporation,Observation,N/A,200.77,36.8,-5.86,观望,观望,ATR初始保护,观望,2026-09-23,192.19,Observation_Closed,200.79,18,,,19,35.337414,25.729837,5.72,4.1041627,,,,,,,,,,,,,,,,2.24,False,False,True,False,False,,,,,,,,,
2026-09-04 00:00:00,XEL,Xcel Energy,Observation,N/A,75.39,42.3,-1.59,观望,观望,ATR初始保护,观望,2026-09-23,70.66,Observation_Closed,75.11,15,,,19,20.915068,16.805574,3.65,1.981416,,,,,,,,,,,,,,,,1.81,False,False,False,False,False,,,,,,,,,
2026-09-04 00:00:00,PSX,Phillips 66,Observation,N/A,251.78,74.8,7.21,观望,观望,ATR初始保护,观望,2026-09-23,256.48,Observation_Closed,255.09,0,,,0,None,None,None,None,,,,,,,,,,,,,,,,2.72,False,True,False,False,False,,,,,,,,,
2026-09-04 00:00:00,EVRG,Evergy,Observation,N/A,81.12,47.8,-0.14,观望,观望,ATR初始保护,观望,2026-09-14,80.86,Observation_Closed,81.54,21,,,19,20.585426,17.947308,3.98,1.8477672,,,,,,,,,,,,,,,,1.66,False,False,True,False,False,,,,,,,,,
2026-09-04 00:00:00,MPC,Marathon Petroleum,Observation,N/A,386.10,77.9,8.38,观望,观望,ATR初始保护,观望,2026-09-11,395.93,Observation_Closed,388.90,5,,,0,None,None,None,None,,,,,,,,,,,,,,,,2.82,False,True,False,False,False,,,,,,,,,
2026-09-04 00:00:00,TEL,TE Connectivity,Observation,N/A,208.20,53.5,0.78,观望,观望,ATR初始保护,观望,2026-09-23,214.39,Observation_Closed,208.65,27,,,15,20.490215,16.225698,10.22,4.5837803,,,,,,,,,,,,,,,,3.0,False,True,False,False,False,,,,,,,,,
2026-09-04 00:00:00,AMT,American Tower,Observation,N/A,176.39,56.5,1.94,观望,观望,ATR初始保护,观望,2026-09-23,170.78,Observation_Closed,175.85,34,,,19,23.795181,25.35649,7.47,22.266066,,,,,,,,,,,,,,,,2.38,True,True,True,False,False,,,,,,,,,
2026-09-07 00:00:00,DELL,Dell Technologies,Observation,N/A,563.29,63.7,12.45,观望,观望,ATR初始保护,观望,2026-09-23,549.83,Observation_Closed,,6,,,10,30.490984,18.3223,17.19,-236.953,,,,,,,,,,,,,,,,6.12,False,True,False,False,False,,,,,,,,,
2026-09-07 00:00:00,BEN,Franklin Resources,Observation,N/A,32.72,57.1,1.95,观望,观望,ATR初始保护,观望,2026-09-23,32.71,Observation_Closed,,19,,,19,23.625849,10.972277,1.47,1.5015781,,,,,,,,,,,,,,,,2.36,False,False,False,True,False,,,,,,,,,
2026-09-07 00:00:00,VST,Vistra Corp.,Observation,N/A,140.39,57.5,5.23,观望,观望,ATR初始保护,观望,2026-09-23,137.97,Observation_Closed,,24,,,17,25.177067,14.403398,5.93,16.687159,,,,,,,,,,,,,,,,3.65,False,False,False,False,True,,,,,,,,,
2026-09-07 00:00:00,CRH,CRH plc,Observation,N/A,86.70,44.9,-1.31,观望,观望,ATR初始保护,观望,2026-09-23,85.23,Observation_Closed,,39,,,19,16.653711,14.27319,5.66,2.6115143,,,,,,,,,,,,,,,,2.89,False,False,True,False,True,,,,,,,,,
2026-09-07 00:00:00,CVNA,Carvana,Observation,N/A,65.40,56.5,2.68,观望,观望,ATR初始保护,观望,2026-09-23,63.95,Observation_Closed,,40,,,5,39.465607,32.974075,1.89,13.314886,,,,,,,,,,,,,,,,4.76,True,True,True,False,True,,,,,,,,,
2026-09-07 00:00:00,ODFL,Old Dominion,Observation,N/A,174.36,27.5,-7.89,观望,观望,ATR初始保护,观望,2026-09-23,177.72,Observation_Closed,,12,,,7,35.744232,27.975616,5.2,8.480245,,,,,,,,,,,,,,,,3.7,False,False,False,False,False,,,,,,,,,
2026-09-09 00:00:00,COP,ConocoPhillips,Observation,N/A,137.01,67.5,4.03,观望,观望,ATR初始保护,观望,2026-09-10,137.04,Observation_Closed,136.53,39,,,15,18.14418,14.408159,7.56,2.5216465,,,,,,,,,,,,,,,,2.21,False,True,False,False,True,,,,,,,,,
2026-09-09 00:00:00,EOG,EOG Resources,Observation,N/A,147.54,53.8,0.26,观望,观望,ATR初始保护,观望,2026-09-14,148.54,Observation_Closed,147.01,14,,,19,11.4389105,10.201164,12.85,2.4241376,,,,,,,,,,,,,,,,2.35,False,False,False,False,False,,,,,,,,,
2026-09-09 00:00:00,PYPL,PayPal,Observation,N/A,52.99,38.8,-9.33,观望,观望,ATR初始保护,观望,2026-09-11,53.72,Observation_Closed,52.17,12,,,17,9.969754,9.112318,5.29,2.2937417,,,,,,,,,,,,,,,,3.68,False,False,False,False,False,,,,,,,,,
2026-09-09 00:00:00,LUV,Southwest Airlines,Observation,N/A,37.89,35.1,-4.9,观望,观望,ATR初始保护,观望,2026-09-15,39.28,Observation_Closed,38.68,7,,,19,24.0875,8.047206,1.6,2.6623378,,,,,,,,,,,,,,,,3.13,True,False,False,False,False,,,,,,,,,
2026-09-09 00:00:00,STX,Seagate Technology,Observation,N/A,893.14,57.9,5.66,观望,观望,ATR初始保护,观望,2026-09-23,923.86,Observation_Closed,885.92,5,,,0,None,None,None,None,,,,,,,,,,,,,,,,6.05,False,True,False,False,False,,,,,,,,,
2026-09-10 00:00:00,MO,Altria,Observation,N/A,67.76,51.6,1.73,观望,观望,ATR初始保护,观望,2026-09-28,69.13,Observation_Closed,67.71,6,,,13,14.541225,11.7291355,4.73,-43.041298,,,,,,,,,,,,,,,,2.16,False,False,True,False,False,,,,,,,,,
2026-09-10 00:00:00,COP,ConocoPhillips,Observation,N/A,138.75,67.6,3.63,观望,观望,ATR初始保护,观望,2026-09-14,136.67,Observation_Closed,137.04,0,,,0,None,None,None,None,,,,,,,,,,,,,,,,2.27,False,True,False,False,False,,,,,,,,,
2026-09-10 00:00:00,WMB,Williams Companies,Observation,N/A,74.39,49.3,-0.33,观望,观望,ATR初始保护,观望,2026-09-14,71.95,Observation_Closed,72.29,0,,,0,None,None,None,None,,,,,,,,,,,,,,,,2.8,False,True,False,False,False,,,,,,,,,
2026-09-10 00:00:00,ADM,Archer Daniels Midland,Observation,N/A,88.00,65.8,5.72,观望,观望,ATR初始保护,观望,2026-09-23,82.15,Observation_Closed,86.91,5,,,19,23.715847,15.135109,3.66,1.7747971,,,,,,,,,,,,,,,,3.02,False,True,False,False,False,,,,,,,,,
2026-09-10 00:00:00,CF,CF Industries,Observation,N/A,140.12,63.7,6.75,观望,观望,ATR初始保护,观望,2026-09-23,120.64,Observation_Closed,135.11,0,,,0,None,None,None,None,,,,,,,,,,,,,,,,3.79,False,True,False,False,False,,,,,,,,,
2026-09-11 00:00:00,PYPL,PayPal,Observation,N/A,53.31,41.5,-7.85,观望,观望,ATR初始保护,观望,2026-09-28,54.28,Observation_Closed,53.72,21,,,17,10.077505,9.214511,5.29,2.3185318,,,,,,,,,,,,,,,,3.72,False,False,True,False,False,,,,,,,,,
2026-09-11 00:00:00,SWKS,Skyworks Solutions,Observation,N/A,84.27,80.3,20.22,观望,观望,ATR初始保护,观望,2026-09-28,87.59,Observation_Closed,88.35,17,,,14,43.53886,16.932486,1.93,2.2038922,,,,,,,,,,,,,,,,4.29,False,True,False,True,False,,,,,,,,,
2026-09-11 00:00:00,APP,AppLovin,Observation,N/A,315.54,41.4,0.98,观望,观望,ATR初始保护,观望,2026-09-28,308.24,Observation_Closed,323.96,31,,,13,24.154377,14.992284,13.02,33.335804,,,,,,,,,,,,,,,,5.23,False,False,True,False,True,,,,,,,,,
2026-09-11 00:00:00,ISRG,Intuitive Surgical,Observation,N/A,363.56,42.6,-3.91,观望,观望,ATR初始保护,观望,2026-09-28,414.79,Observation_Closed,369.15,40,,,7,41.337154,29.859499,8.72,7.0213094,,,,,,,,,,,,,,,,3.34,False,True,False,True,True,,,,,,,,,
2026-09-11 00:00:00,INTU,Intuit,Observation,N/A,313.02,38.5,-9.74,观望,观望,ATR初始保护,观望,2026-09-23,286.80,Observation_Closed,321.57,0,,,0,None,None,None,None,,,,,,,,,,,,,,,,4.72,False,False,False,False,False,,,,,,,,,
2026-09-11 00:00:00,MPC,Marathon Petroleum,Observation,N/A,394.99,73.4,5.58,观望,观望,ATR初始保护,观望,2026-09-28,389.44,Observation_Closed,395.93,0,,,0,None,None,None,None,,,,,,,,,,,,,,,,2.79,False,True,False,False,False,,,,,,,,,
2026-09-14 00:00:00,WMB,Williams Companies,Observation,N/A,72.51,49.1,-0.46,观望,观望,ATR初始保护,观望,2026-09-28,68.98,Observation_Closed,71.95,0,,,0,None,None,None,None,,,,,,,,,,,,,,,,2.79,False,True,False,False,False,,,,,,,,,
2026-09-14 00:00:00,COP,ConocoPhillips,Observation,N/A,138.89,67.8,3.23,观望,观望,ATR初始保护,观望,2026-09-23,128.09,Observation_Closed,136.67,0,,,0,None,None,None,None,,,,,,,,,,,,,,,,2.22,False,True,False,False,False,,,,,,,,,
2026-09-14 00:00:00,TFC,Truist Financial,Observation,N/A,50.35,46.5,-0.85,观望,观望,ATR初始保护,观望,2026-09-23,47.00,Observation_Closed,50.10,12,,,19,11.586207,10.13377,4.35,1.0491694,,,,,,,,,,,,,,,,1.86,False,False,False,False,False,,,,,,,,,
2026-09-14 00:00:00,EOG,EOG Resources,Observation,N/A,149.02,54.5,0.16,观望,观望,ATR初始保护,观望,2026-09-28,140.63,Observation_Closed,148.54,0,,,0,None,None,None,None,,,,,,,,,,,,,,,,2.36,False,False,False,False,False,,,,,,,,,
2026-09-14 00:00:00,ACGL,Arch Capital Group,Observation,N/A,97.44,40.1,-2.43,观望,观望,ATR初始保护,观望,2026-09-28,94.90,Observation_Closed,97.95,12,,,17,7.5187793,9.848001,12.78,1.4065107,,,,,,,,,,,,,,,,1.94,False,False,False,False,False,,,,,,,,,
2026-09-14 00:00:00,EVRG,Evergy,Observation,N/A,82.05,47.1,-0.34,观望,观望,ATR初始保护,观望,2026-09-28,77.91,Observation_Closed,80.86,16,,,17,20.768448,17.8794,3.93,1.8407758,,,,,,,,,,,,,,,,1.61,False,False,True,False,False,,,,,,,,,
2026-09-16 00:00:00,JPM,JPMorgan Chase,Observation,N/A,353.38,47.5,-0.9,观望,观望,ATR初始保护,观望,2026-09-30,330.83,Observation_Closed,348.92,23,,,19,15.108872,14.106377,23.33,2.650161,,,,,,,,,,,,,,,,1.85,False,False,True,True,False,,,,,,,,,
2026-09-16 00:00:00,SRE,Sempra,Observation,N/A,81.78,36.7,-3.7,观望,观望,ATR初始保护,观望,2026-09-30,77.96,Observation_Closed,81.70,4,,,19,23.53623,14.651168,3.45,1.6241299,,,,,,,,,,,,,,,,2.43,False,False,False,True,False,,,,,,,,,
2026-09-16 00:00:00,RVTY,Revvity,Observation,N/A,140.88,70.8,10.97,观望,观望,ATR初始保护,观望,2026-09-30,152.89,Observation_Closed,145.73,34,,,12,61.75771,23.790775,2.27,2.1639938,,,,,,,,,,,,,,,,3.19,True,True,False,True,False,,,,,,,,,
2026-09-16 00:00:00,WRB,W. R. Berkley Corporation,Observation,N/A,70.81,59.5,2.93,观望,观望,ATR初始保护,观望,2026-09-30,67.54,Observation_Closed,69.95,24,,,19,14.666666,14.724504,4.86,2.854854,,,,,,,,,,,,,,,,1.93,False,False,False,False,True,,,,,,,,,
2026-09-16 00:00:00,GS,Goldman Sachs,Observation,N/A,981.46,37.2,-4.49,观望,观望,ATR初始保护,观望,2026-09-28,916.28,Observation_Closed,937.98,6,,,19,15.083706,13.19246,64.75,2.6976182,,,,,,,,,,,,,,,,2.78,False,False,False,True,False,,,,,,,,,
2026-09-16 00:00:00,ALB,Albemarle Corporation,Observation,N/A,114.00,32.0,-13.05,观望,观望,ATR初始保护,观望,2026-09-30,105.78,Observation_Closed,109.47,6,,,14,436.34616,10.042267,0.26,1.6649544,,,,,,,,,,,,,,,,4.74,False,False,True,False,False,,,,,,,,,
2026-09-16 00:00:00,FANG,Diamondback Energy,Observation,N/A,197.03,64.2,3.62,观望,观望,ATR初始保护,观望,2026-09-29,183.95,Observation_Closed,194.54,17,,,16,40.290474,11.412174,5.25,1.5658891,,,,,,,,,,,,,,,,2.74,True,True,False,False,False,,,,,,,,,
2026-10-08,MPC,Marathon Petroleum,Core_Dragon,71.0,449.45,79.9,13.2,动态持有,$419.16,ATR初始保护,$419.16,,,Active,463.3399963378906,25,3,MA20结构 MACD改善 周线改善,15,16.113573,9.167649,28.88,6.903426,0.537,3.48,0.42099,0.05549,130684608512.0,1402277606.85,33.0,14,18,18.0,83.0,43.0,71.0,,,3.37,False,True,False,False,False,NORMAL,15.600000381469727,None,CLEAR,2026-10-08,9.54,本次 Review 未发现触及或接近移动止损。,,
2026-10-08,EOG,EOG Resources,Core_Dragon,70.4,147.09,59.8,3.49,动态持有,$139.88,ATR初始保护,$139.88,,,Active,148.50999450683594,18,2,MACD改善 周线改善,19,11.565758,9.688939,12.85,2.451019,0.587,1.094,0.22507,0.25733,77955522560.0,495161419.9,35,8,13,18.0,74.0,62.0,70.4,,,2.45,False,True,False,False,False,NORMAL,15.600000381469727,None,CLEAR,2026-10-08,5.81,本次 Review 未发现触及或接近移动止损。,,
2026-10-08,CME,CME Group,Core_Dragon,69.5,270.75,58.7,2.51,动态持有,$258.73,ATR初始保护,$258.73,,,Active,276.44000244140625,21,3,MACD改善 周线改善 量能确认,8,23.480066,21.366587,11.79,3.7502706,0.008,0.025,0.15802,0.63443,99542319104.0,474627497.71,24.0,11,15,18.0,68.0,73.0,69.5,,,2.22,True,False,False,True,False,NORMAL,15.600000381469727,None,CLEAR,2026-10-08,6.41,本次 Review 未发现触及或接近移动止损。,,
2026-10-08,EBAY,eBay Inc.,Core_Dragon,69.1,108.19,61.6,3.14,动态持有,$102.07,ATR初始保护,$102.07,,,Active,111.9800033569336,25,3,MA20结构 MACD改善 周线改善,10,23.52,16.643427,4.75,10.657255,0.148,0.55,0.46611,0.18571,49715400704.0,515962292.94,32.0,8,18,18.0,76.0,53.0,69.1,,,2.83,True,True,False,False,False,NORMAL,15.600000381469727,None,CLEAR,2026-10-08,8.85,本次 Review 未发现触及或接近移动止损。,,
2026-10-08,PSX,Phillips 66,Observation,64.9,274.89,74.8,7.08,动态持有,$258.18,ATR初始保护,$258.18,,,Active,281.6000061035156,25,3,MA20结构 MACD改善 周线改善,15,16.100206,10.533061,17.5,3.5683985,0.531,3.449,0.23452999,0.046609998,112964878336.0,911342014.22,32.0,8,18,18.0,76.0,39.0,64.9,,,3.04,True,True,False,False,False,NORMAL,15.600000381469727,None,,,,,,
2026-10-08,BRO,Brown & Brown,Observation,64.5,61.88,48.2,1.17,动态持有,$58.56,ATR初始保护,$58.56,,,Active,63.75,21,3,MACD改善 周线改善 量能确认,17,20.075708,13.185538,3.17,1.669027,0.324,0.071,0.10023,0.18084998,21294604288.0,152209825.19,28.0,8,15,18.0,69.0,54.0,64.5,,,2.68,False,False,False,False,False,NORMAL,15.600000381469727,None,,,,,,
2026-10-08,CNP,CenterPoint Energy,Observation,64.1,38.56,51.6,1.74,动态持有,$37.26,ATR初始保护,$37.26,,,Active,38.41999816894531,21,3,MACD改善 周线改善 量能确认,14,22.778105,18.440983,1.69,2.1634912,0.107,0.233,0.09825,0.11611,25357434880.0,277807886.18,27.0,11,15,18.0,71.0,48.0,64.1,,,1.69,False,False,False,False,False,NORMAL,15.600000381469727,None,,,,,,
2026-10-08,JCI,Johnson Controls,Observation,63.4,154.84,59.1,3.92,动态持有,$147.38,ATR初始保护,$147.38,,,Active,154.0,18,2,MA20结构 周线改善,7,43.45198,25.206396,3.54,6.9110847,0.093,0.153,0.14332,0.14319,93175152640.0,515444987.62,28.0,8,13,18.0,67.0,55.0,63.4,,,2.41,False,True,False,False,False,NORMAL,15.600000381469727,None,,,,,,
2026-10-08,HST,Host Hotels & Resorts,Observation,63.3,22.20,54.3,1.53,动态持有,$21.35,ATR初始保护,$21.35,,,Active,22.540000915527344,35,5,MA20结构 MACD改善 KDJ回升 周线改善 量能确认,15,15.300675,21.452457,1.48,2.4281578,0.036,0.084,0.15558,0.16474001,15732080640.0,196957014.29,26.0,8,20,18.0,72.0,43.0,63.3,,,1.93,False,False,True,False,False,NORMAL,15.600000381469727,None,,,,,,
2026-10-08,INVH,Invitation Homes,Observation,63.3,25.89,39.8,-0.88,动态持有,$24.97,ATR初始保护,$24.97,,,Active,26.479999542236328,28,4,MACD改善 KDJ回升 周线改善 量能确认,11,24.334862,37.31238,1.09,1.7301545,0.101,0.605,0.070539996,0.23197001,15666281472.0,157265234.08,26.0,8,20,18.0,72.0,43.0,63.3,,,1.78,False,False,True,False,False,NORMAL,15.600000381469727,None,,,,,,
